Country,Code,Year,GDP,Population
Aruba,ABW,1960,,54211
Afghanistan,AFG,1960,,8996973
Angola,AGO,1960,,5454933
Albania,ALB,1960,,1636090
Andorra,AND,1960,,13411
United Arab Emirates,ARE,1960,,92418
Argentina,ARG,1960,120808873523.837,20481779
Armenia,ARM,1960,,1874121
American Samoa,ASM,1960,,20123
Antigua and Barbuda,ATG,1960,,54131
Australia,AUS,1960,206734197138.169,10242076
Austria,AUT,1960,99489765786.6089,7070766
Azerbaijan,AZE,1960,,3895397
Burundi,BDI,1960,561670811.689447,2797932
Belgium,BEL,1960,133384673232.843,9167365
Benin,BEN,1960,1260456133.07626,2431622
Burkina Faso,BFA,1960,1273698494.39634,4829288
Bangladesh,BGD,1960,19977746684.2347,48013504
Bulgaria,BGR,1960,,7885607
Bahrain,BHR,1960,,162427
Bosnia and Herzegovina,BIH,1960,,3225668
Belarus,BLR,1960,,8124881
Belize,BLZ,1960,108586813.006536,92064
Bermuda,BMU,1960,1351706620.55154,44979
Bolivia,BOL,1960,3962959042.97599,3656955
Brazil,BRA,1960,286196738836.702,72179226
Barbados,BRB,1960,,230980
Bhutan,BTN,1960,,223288
Botswana,BWA,1960,232549242.614046,502745
Central African Republic,CAF,1960,909172126.057338,1501668
Canada,CAN,1960,354403586127.522,17847405
Switzerland,CHE,1960,,5280680
Channel Islands,CHI,1960,,109420
Chile,CHL,1960,32161438540.171,8132990
China,CHN,1960,88083493564.6418,660408056
Cameroon,CMR,1960,5161841479.88163,5176918
Colombia,COL,1960,41571030699.8182,16057724
Comoros,COM,1960,,191121
Cabo Verde,CPV,1960,,201765
Costa Rica,CRI,1960,4161582479.7019,1330782
Cuba,CUB,1960,,7141250
Cayman Islands,CYM,1960,,7865
Cyprus,CYP,1960,,572930
Germany,DEU,1960,,73414239
Djibouti,DJI,1960,,83636
Dominica,DMA,1960,,60011
Denmark,DNK,1960,108492979143.333,4581101
Dominican Republic,DOM,1960,4997650742.70433,3294224
Algeria,DZA,1960,19036113335.2005,11057863
Ecuador,ECU,1960,11215707027.0026,4543666
Eritrea,ERI,1960,,1007590
Spain,ESP,1960,275635620736.643,30402411
Estonia,EST,1960,,1216819
Ethiopia,ETH,1960,,22151278
Finland,FIN,1960,59862320225.3108,4434590
Fiji,FJI,1960,748552617.958705,393481
France,FRA,1960,684477080169.693,45673146
Gabon,GAB,1960,2694599217.24474,500928
United Kingdom,GBR,1960,753075094121.114,52370602
Georgia,GEO,1960,,4007723
Ghana,GHA,1960,7544822191.56204,6635230
Gibraltar,GIB,1960,,23420
Guinea,GIN,1960,,3494162
Guinea-Bissau,GNB,1960,,616136
Equatorial Guinea,GNQ,1960,,255333
Greece,GRC,1960,63749159946.9305,8273629
Grenada,GRD,1960,,89932
Greenland,GRL,1960,,31239
Guatemala,GTM,1960,6646722421.52514,4210747
Guam,GUM,1960,,66742
Guyana,GUY,1960,1028043418.35141,571819
Honduras,HND,1960,2390313539.75817,2038632
Croatia,HRV,1960,,4192635
Haiti,HTI,1960,4122549413.56076,3866159
Hungary,HUN,1960,,10000994
Indonesia,IDN,1960,65238254668.6198,87751068
Isle of Man,IMN,1960,,48442
India,IND,1960,158834744856.639,450547679
Ireland,IRL,1960,,2791397
Iraq,IRQ,1960,,7289760
Iceland,ISL,1960,2223218638.70931,175592
Israel,ISR,1960,22656971847.0822,2060480
Italy,ITA,1960,626952585229.25,49699951
Jamaica,JAM,1960,,1628520
Jordan,JOR,1960,,933102
Japan,JPN,1960,971582862679.811,93673615
Kazakhstan,KAZ,1960,,9934563
Kenya,KEN,1960,4405575230.51634,8120080
Cambodia,KHM,1960,,5722370
Kiribati,KIR,1960,,41202
Kuwait,KWT,1960,,269029
Lebanon,LBN,1960,,1804941
Liberia,LBR,1960,,1118657
Libya,LBY,1960,,1448417
Liechtenstein,LIE,1960,,16493
Sri Lanka,LKA,1960,6150691336.3611,9874476
Lesotho,LSO,1960,254712875.346815,837270
Lithuania,LTU,1960,,2769876
Luxembourg,LUX,1960,8949735270.63142,314588
Latvia,LVA,1960,,2129586
Morocco,MAR,1960,,12328532
Monaco,MCO,1960,,22452
Moldova,MDA,1960,,3004452
Madagascar,MDG,1960,3811003848.33107,5099373
Maldives,MDV,1960,,89863
Mexico,MEX,1960,162201552099.831,37771859
Marshall Islands,MHL,1960,,14662
North Macedonia,MKD,1960,,1488667
Mali,MLI,1960,,5263733
Malta,MLT,1960,,312973
Myanmar,MMR,1960,3485813551.97164,21736942
Montenegro,MNE,1960,,487413
Mongolia,MNG,1960,,955505
Northern Mariana Islands,MNP,1960,,9979
Mozambique,MOZ,1960,,7184869
Mauritania,MRT,1960,788945356.427124,850384
Mauritius,MUS,1960,,660023
Malawi,MWI,1960,945702876.732628,3659984
Malaysia,MYS,1960,12645525594.8311,8156347
Namibia,NAM,1960,,634142
New Caledonia,NCL,1960,,78056
Niger,NER,1960,2392215373.12118,3388764
Nigeria,NGA,1960,64386612352.7405,45138458
Nicaragua,NIC,1960,3182403361.99882,1773129
Netherlands,NLD,1960,201307886826.394,11448817
Norway,NOR,1960,90717226410.1182,3582507
Nepal,NPL,1960,2791171336.32931,10105050
Nauru,NRU,1960,,4375
New Zealand,NZL,1960,,2372594
Oman,OMN,1960,,551740
Pakistan,PAK,1960,15153512114.6599,44988690
Panama,PAN,1960,2910481213.88798,1132997
Peru,PER,1960,31901195760.3692,10155015
Philippines,PHL,1960,30798194686.6301,26269734
Palau,PLW,1960,,9771
Papua New Guinea,PNG,1960,2579600981.49194,2255859
Poland,POL,1960,,29614201
Puerto Rico,PRI,1960,15944674778.2522,2294982
Portugal,PRT,1960,44908647744.8968,8844645
Paraguay,PRY,1960,2868557529.59431,1903982
French Polynesia,PYF,1960,,78076
Qatar,QAT,1960,,47384
Romania,ROU,1960,,18613939
Rwanda,RWA,1960,1038134651.43746,2935582
Saudi Arabia,SAU,1960,,4086539
Sudan,SDN,1960,9968414449.92661,7544491
Senegal,SEN,1960,4486847193.98068,3206749
Singapore,SGP,1960,6708521322.33417,1633130
Solomon Islands,SLB,1960,,117849
Sierra Leone,SLE,1960,919379224.248252,2317636
El Salvador,SLV,1960,,2766324
San Marino,SMR,1960,,15432
Somalia,SOM,1960,,2755972
Serbia,SRB,1960,,7556727
South Sudan,SSD,1960,,2842724
Suriname,SUR,1960,1045383401.98342,287871
Slovenia,SVN,1960,,1586637
Sweden,SWE,1960,149620019088.711,7482543
Eswatini,SWZ,1960,,336583
Seychelles,SYC,1960,121672505.535006,41603
Chad,TCD,1960,2232740960.41821,3001609
Togo,TGO,1960,654813796.01659,1580513
Thailand,THA,1960,17723330987.9679,27397207
Tajikistan,TJK,1960,,2087049
Turkmenistan,TKM,1960,,1603258
Timor-Leste,TLS,1960,,474532
Tonga,TON,1960,,61577
Trinidad and Tobago,TTO,1960,3980799420.11679,847979
Tunisia,TUN,1960,,4178236
Turkey,TUR,1960,93150195819.4396,27472345
Tuvalu,TUV,1960,,5323
Tanzania,TZA,1960,,10052152
Uganda,UGA,1960,,6767095
Ukraine,UKR,1960,,42664652
Uruguay,URY,1960,14020350839.1178,2538643
United States,USA,1960,3441682234966.81,186720571
Uzbekistan,UZB,1960,,8526300
British Virgin Islands,VGB,1960,,8048
Vietnam,VNM,1960,,32670039
Vanuatu,VUT,1960,,63689
Samoa,WSM,1960,,108629
South Africa,ZAF,1960,87183503348.5854,17099840
Zambia,ZMB,1960,4539542515.26964,3070776
Zimbabwe,ZWE,1960,4051224623.88733,3776681
Aruba,ABW,1965,,57360
Afghanistan,AFG,1965,,9956320
Angola,AGO,1965,,5770570
Albania,ALB,1965,,1896171
Andorra,AND,1965,,18549
United Arab Emirates,ARE,1965,,149857
Argentina,ARG,1965,142798776600.374,22159650
Armenia,ARM,1965,,2211319
American Samoa,ASM,1965,,23672
Antigua and Barbuda,ATG,1965,,58698
Australia,AUS,1965,270958209894.165,11313195
Austria,AUT,1965,123814720654.546,7305158
Azerbaijan,AZE,1965,,4592609
Burundi,BDI,1965,769502134.875392,3094379
Belgium,BEL,1965,165190152085.361,9443939
Benin,BEN,1965,1551968411.17281,2632356
Burkina Faso,BFA,1965,1460248258.7904,5174870
Bangladesh,BGD,1965,22563342420.6917,55385112
Bulgaria,BGR,1965,,8222589
Bahrain,BHR,1965,,187431
Bosnia and Herzegovina,BIH,1965,,3535643
Belarus,BLR,1965,,8505722
Belize,BLZ,1965,138021623.455083,106119
Bermuda,BMU,1965,2060039383.27642,49388
Bolivia,BOL,1965,5259489594.76929,4038872
Brazil,BRA,1965,336425435318.519,83373530
Barbados,BRB,1965,,235413
Bhutan,BTN,1965,,253994
Botswana,BWA,1965,313655172.933376,559994
Central African Republic,CAF,1965,980039499.899138,1639706
Canada,CAN,1965,465661791231.604,19627980
Switzerland,CHE,1965,,5812851
Channel Islands,CHI,1965,,114995
Chile,CHL,1965,40619328747.0318,8989621
China,CHN,1965,140008648972.074,724218968
Cameroon,CMR,1965,5272584243.96726,5773543
Colombia,COL,1965,51754469194.4561,18725245
Comoros,COM,1965,,207424
Cabo Verde,CPV,1965,,230418
Costa Rica,CRI,1965,5638421573.20137,1592841
Cuba,CUB,1965,,7958169
Cayman Islands,CYM,1965,,8369
Cyprus,CYP,1965,,580966
Germany,DEU,1965,,76258032
Djibouti,DJI,1965,,114963
Dominica,DMA,1965,,65038
Denmark,DNK,1965,132544177007.189,4760460
Dominican Republic,DOM,1965,5830765731.4806,3877765
Algeria,DZA,1965,29946124625.8101,12550885
Ecuador,ECU,1965,13244962663.9128,5243977
Eritrea,ERI,1965,,1148189
Spain,ESP,1965,378242940861.651,32146263
Estonia,EST,1965,,1290396
Ethiopia,ETH,1965,,25013626
Finland,FIN,1965,71665459589.2979,4568598
Fiji,FJI,1965,920910117.869458,463968
France,FRA,1965,886436354593.11,48746652
Gabon,GAB,1965,3523276660.31173,533361
United Kingdom,GBR,1965,882501122554.945,54240850
Georgia,GEO,1965,7977486321.87752,4371527
Ghana,GHA,1965,8054268496.95871,7739473
Gibraltar,GIB,1965,,26073
Guinea,GIN,1965,,3801705
Guinea-Bissau,GNB,1965,,649790
Equatorial Guinea,GNQ,1965,,276300
Greece,GRC,1965,93055111746.9691,8453821
Grenada,GRD,1965,,94636
Greenland,GRL,1965,,37964
Guatemala,GTM,1965,8733700651.71688,4869716
Guam,GUM,1965,,74830
Guyana,GUY,1965,1218609671.46207,651868
Honduras,HND,1965,3178066505.27803,2346015
Croatia,HRV,1965,,4328923
Haiti,HTI,1965,3954920283.77295,4258732
Hungary,HUN,1965,,10169799
Indonesia,IDN,1965,69554350527.2298,100267062
Isle of Man,IMN,1965,,50141
India,IND,1965,189814333825.803,499123324
Ireland,IRL,1965,,2823650
Iraq,IRQ,1965,,8375790
Iceland,ISL,1965,3106558493.16308,192313
Israel,ISR,1965,30393079599.0481,2490317
Italy,ITA,1965,798435036453.366,51677257
Jamaica,JAM,1965,6870363487.39196,1756511
Jordan,JOR,1965,,1173606
Japan,JPN,1965,1530678560697.77,98447002
Kazakhstan,KAZ,1965,,11841920
Kenya,KEN,1965,6084928660.25219,9530173
Cambodia,KHM,1965,,6467197
Kiribati,KIR,1965,,46429
Kuwait,KWT,1965,,472037
Lebanon,LBN,1965,,2092375
Liberia,LBR,1965,,1245102
Libya,LBY,1965,,1733306
Liechtenstein,LIE,1965,,18649
Sri Lanka,LKA,1965,7509831213.94651,11110820
Lesotho,LSO,1965,344165595.033866,922306
Lithuania,LTU,1965,,2966165
Luxembourg,LUX,1965,10043660616.0983,330161
Latvia,LVA,1965,,2266943
Morocco,MAR,1965,13145161283.9847,14230163
Monaco,MCO,1965,,23282
Moldova,MDA,1965,,3336592
Madagascar,MDG,1965,4208597265.39408,5769218
Maldives,MDV,1965,,102718
Mexico,MEX,1965,236025998947.343,44123853
Marshall Islands,MHL,1965,,17284
North Macedonia,MKD,1965,,1592433
Mali,MLI,1965,1944068679.30504,5568484
Malta,MLT,1965,,322242
Myanmar,MMR,1965,3684110880.31147,24259359
Montenegro,MNE,1965,,533814
Mongolia,MNG,1965,,1107124
Northern Mariana Islands,MNP,1965,,11022
Mozambique,MOZ,1965,,8039215
Mauritania,MRT,1965,1190431093.03363,985910
Mauritius,MUS,1965,,753285
Malawi,MWI,1965,1321532298.86761,4134460
Malaysia,MYS,1965,17244168158.594,9526558
Namibia,NAM,1965,,716584
New Caledonia,NCL,1965,,91200
Niger,NER,1965,2795279843.88894,3914117
Nigeria,NGA,1965,62083593244.3189,50127921
Nicaragua,NIC,1965,4769554586.78028,2068381
Netherlands,NLD,1965,265426236973.72,12248344
Norway,NOR,1965,114793545345.75,3724463
Nepal,NPL,1965,3183405006.88147,10972912
Nauru,NRU,1965,,5856
New Zealand,NZL,1965,,2626645
Oman,OMN,1965,2568943823.14695,625009
Pakistan,PAK,1965,21813291973.8586,50917975
Panama,PAN,1965,4205584217.68599,1314677
Peru,PER,1965,42102473804.2926,11711392
Philippines,PHL,1965,39490826454.6295,30909988
Palau,PLW,1965,,11003
Papua New Guinea,PNG,1965,3539327409.30789,2485437
Poland,POL,1965,,31360907
Puerto Rico,PRI,1965,23128473175.4463,2507537
Portugal,PRT,1965,60803013572.6168,8862280
Paraguay,PRY,1965,3699605185.76849,2172306
French Polynesia,PYF,1965,,93438
Qatar,QAT,1965,,73633
Romania,ROU,1965,,19379568
Rwanda,RWA,1965,1003295169.31048,3235531
Saudi Arabia,SAU,1965,,4843635
Sudan,SDN,1965,9999930816.36486,8770097
Senegal,SEN,1965,4889304054.12451,3682876
Singapore,SGP,1965,9561717154.66765,1877826
Solomon Islands,SLB,1965,,136816
Sierra Leone,SLE,1965,1087706272.12363,2508219
El Salvador,SLV,1965,8527588863.54527,3201313
San Marino,SMR,1965,,17513
Somalia,SOM,1965,,3068459
Serbia,SRB,1965,,7835083
South Sudan,SSD,1965,,3133150
Suriname,SUR,1965,1759498970.13806,328936
Slovenia,SVN,1965,,1629433
Sweden,SWE,1965,184434042265.902,7745673
Eswatini,SWZ,1965,,373919
Seychelles,SYC,1965,160753862.325896,46782
Chad,TCD,1965,2132140969.44362,3309586
Togo,TGO,1965,1047213726.41819,1708630
Thailand,THA,1965,26700239601.4404,31822660
Tajikistan,TJK,1965,,2487976
Turkmenistan,TKM,1965,,1892599
Timor-Leste,TLS,1965,,519686
Tonga,TON,1965,,74345
Trinidad and Tobago,TTO,1965,4837746930.51716,911737
Tunisia,TUN,1965,5243127148.24647,4547941
Turkey,TUR,1965,128317861002.358,30972994
Tuvalu,TUV,1965,,5386
Tanzania,TZA,1965,,11634832
Uganda,UGA,1965,,7986066
Ukraine,UKR,1965,,45264548
Uruguay,URY,1965,14434802057.9934,2694536
United States,USA,1965,4415420174163.64,199733676
Uzbekistan,UZB,1965,,10116870
British Virgin Islands,VGB,1965,,8830
Vietnam,VNM,1965,,37858951
Vanuatu,VUT,1965,,74270
Samoa,WSM,1965,,127054
South Africa,ZAF,1965,120050147882.96,19384841
Zambia,ZMB,1965,6253571345.18771,3570464
Zimbabwe,ZWE,1965,4912953663.41115,4471177
Aruba,ABW,1970,,59063
Afghanistan,AFG,1970,,11173642
Angola,AGO,1970,,5890365
Albania,ALB,1970,,2150707
Andorra,AND,1970,1157733493.6236,24276
United Arab Emirates,ARE,1970,,234514
Argentina,ARG,1970,181657062226.624,23880561
Armenia,ARM,1970,,2525068
American Samoa,ASM,1970,,27363
Antigua and Barbuda,ATG,1970,,64177
Australia,AUS,1970,353061555604.021,12793034
Austria,AUT,1970,163173267863.473,7516239
Azerbaijan,AZE,1970,,5180023
Burundi,BDI,1970,882078760.642376,3479074
Belgium,BEL,1970,212187928649.521,9632180
Benin,BEN,1970,1774570740.64173,2912340
Burkina Faso,BFA,1970,1595147634.58968,5624600
Bangladesh,BGD,1970,21475757025.4792,64232482
Bulgaria,BGR,1970,,8507551
Bahrain,BHR,1970,,212605
Bosnia and Herzegovina,BIH,1970,,3760529
Belarus,BLR,1970,,8913552
Belize,BLZ,1970,187050443.062948,122182
Bermuda,BMU,1970,2435906218.11992,52565
Bolivia,BOL,1970,7118488614.69433,4484004
Brazil,BRA,1970,558002873764.336,95113265
Barbados,BRB,1970,,238896
Bhutan,BTN,1970,,297316
Botswana,BWA,1970,743436149.331587,627715
Central African Republic,CAF,1970,1101403966.7025,1811144
Canada,CAN,1970,579543203818.956,21374326
Switzerland,CHE,1970,329152818286.413,6150852
Channel Islands,CHI,1970,,121197
Chile,CHL,1970,48234712071.0831,9783134
China,CHN,1970,208182124068.928,827601394
Cameroon,CMR,1970,6442699687.69336,6519762
Colombia,COL,1970,70485195744.8123,21480065
Comoros,COM,1970,,230054
Cabo Verde,CPV,1970,,268627
Costa Rica,CRI,1970,8012041867.32081,1847394
Cuba,CUB,1970,22310846642.8278,8712541
Cayman Islands,CYM,1970,,9144
Cyprus,CYP,1970,,613618
Germany,DEU,1970,1650146131454.14,78578385
Djibouti,DJI,1970,,159659
Dominica,DMA,1970,,71073
Denmark,DNK,1970,161150079790.899,4931241
Dominican Republic,DOM,1970,9378668161.31639,4499720
Algeria,DZA,1970,44251356563.9066,14464985
Ecuador,ECU,1970,16854395152.4747,6069376
Eritrea,ERI,1970,,1310945
Spain,ESP,1970,518298120355.182,33883749
Estonia,EST,1970,,1360202
Ethiopia,ETH,1970,,28415077
Finland,FIN,1970,93331366979.2586,4612366
Fiji,FJI,1970,1320238654.74461,520562
France,FRA,1970,1142895007278.48,50763920
Gabon,GAB,1970,5207920211.5722,589314
United Kingdom,GBR,1970,1072048689532.07,55573453
Georgia,GEO,1970,10309585603.7875,4713342
Ghana,GHA,1970,9647120519.54785,8735495
Gibraltar,GIB,1970,,28606
Guinea,GIN,1970,,4154605
Guinea-Bissau,GNB,1970,354703845.745581,704939
Equatorial Guinea,GNQ,1970,,303982
Greece,GRC,1970,139891738262.256,8663571
Grenada,GRD,1970,,94475
Greenland,GRL,1970,872078805.651749,46074
Guatemala,GTM,1970,11918711531.793,5621792
Guam,GUM,1970,,83877
Guyana,GUY,1970,1369028300.72196,704934
Honduras,HND,1970,3886558133.04283,2716654
Croatia,HRV,1970,,4423073
Haiti,HTI,1970,4584570598.71717,4676230
Hungary,HUN,1970,,10366105
Indonesia,IDN,1970,101536931350.016,114793178
Isle of Man,IMN,1970,,55425
India,IND,1970,222237322895.262,555189792
Ireland,IRL,1970,41530008401.9662,2908421
Iraq,IRQ,1970,15893183620.0118,9917983
Iceland,ISL,1970,4069041188.44843,204426
Israel,ISR,1970,51442871885.2616,2813749
Italy,ITA,1970,1003093577414.18,53518969
Jamaica,JAM,1970,10392573988.0592,1875642
Jordan,JOR,1970,,1721323
Japan,JPN,1970,2214793985893.69,104929251
Kazakhstan,KAZ,1970,,13036139
Kenya,KEN,1970,9674653292.23215,11301394
Cambodia,KHM,1970,,6996576
Kiribati,KIR,1970,134100600.880511,51151
Kuwait,KWT,1970,,744450
Lebanon,LBN,1970,,2297434
Liberia,LBR,1970,,1400730
Libya,LBY,1970,,2133526
Liechtenstein,LIE,1970,,21266
Sri Lanka,LKA,1970,8967036826.48143,12485740
Lesotho,LSO,1970,373225348.439234,1028926
Lithuania,LTU,1970,,3136586
Luxembourg,LUX,1970,13161497303.9828,339668
Latvia,LVA,1970,,2378021
Morocco,MAR,1970,17730466108.6526,16004731
Monaco,MCO,1970,2216484571.66123,23484
Moldova,MDA,1970,,3595555
Madagascar,MDG,1970,5037330218.25147,6576305
Maldives,MDV,1970,,115691
Mexico,MEX,1970,319456116855.129,51493565
Marshall Islands,MHL,1970,,20395
North Macedonia,MKD,1970,,1720800
Mali,MLI,1970,2328502348.91457,5949045
Malta,MLT,1970,1228316026.49007,320545
Myanmar,MMR,1970,4775048659.43712,27269069
Montenegro,MNE,1970,,519696
Mongolia,MNG,1970,,1278825
Northern Mariana Islands,MNP,1970,,12994
Mozambique,MOZ,1970,,9022741
Mauritania,MRT,1970,1503695974.98702,1146780
Mauritius,MUS,1970,,826441
Malawi,MWI,1970,1702444681.15787,4703782
Malaysia,MYS,1970,24914787451.685,10804131
Namibia,NAM,1970,,817469
New Caledonia,NCL,1970,,105324
Niger,NER,1970,2739108157.1956,4510644
Nigeria,NGA,1970,112395261132.33,55982144
Nicaragua,NIC,1970,5496035140.20563,2406513
Netherlands,NLD,1970,345286433626.153,13001943
Norway,NOR,1970,139198065589.411,3876060
Nepal,NPL,1970,3498939794.92215,12074626
Nauru,NRU,1970,,6552
New Zealand,NZL,1970,61552399378.2058,2818387
Oman,OMN,1970,7410835890.76723,723851
Pakistan,PAK,1970,27834724076.0078,58142060
Panama,PAN,1970,5982276237.79593,1519285
Peru,PER,1970,48829834415.9231,13459794
Philippines,PHL,1970,50034146732.1615,35803594
Palau,PLW,1970,,11811
Papua New Guinea,PNG,1970,4977820660.03669,2783121
Poland,POL,1970,,32639258
Puerto Rico,PRI,1970,32878360593.6306,2631707
Portugal,PRT,1970,87685801521.5117,8651340
Paraguay,PRY,1970,4809524502.75431,2474763
French Polynesia,PYF,1970,,110495
Qatar,QAT,1970,,109514
Romania,ROU,1970,,20548911
Rwanda,RWA,1970,1281982063.6231,3757358
Saudi Arabia,SAU,1970,191378651013.334,5836389
Sudan,SDN,1970,10628758445.743,10281700
Senegal,SEN,1970,5600713742.4769,4257505
Singapore,SGP,1970,17934796405.0064,2072283
Solomon Islands,SLB,1970,,160250
Sierra Leone,SLE,1970,1365618734.66329,2744891
El Salvador,SLV,1970,10339729015.0707,3673068
San Marino,SMR,1970,,19221
Somalia,SOM,1970,,3444568
Serbia,SRB,1970,,8119860
South Sudan,SSD,1970,,3494004
Suriname,SUR,1970,2098408101.49319,367931
Slovenia,SVN,1970,,1669581
Sweden,SWE,1970,220078930367.79,8054916
Eswatini,SWZ,1970,633905242.798518,431253
Seychelles,SYC,1970,231830450.532942,52368
Chad,TCD,1970,2284658076.24205,3643604
Togo,TGO,1970,1345005211.11091,2115522
Thailand,THA,1970,37484677724.0231,36884536
Tajikistan,TJK,1970,,2930107
Turkmenistan,TKM,1970,,2195175
Timor-Leste,TLS,1970,,571565
Tonga,TON,1970,,84351
Trinidad and Tobago,TTO,1970,5786324760.03033,945360
Tunisia,TUN,1970,8262210702.80844,5063809
Turkey,TUR,1970,166954105575.931,34876303
Tuvalu,TUV,1970,,5735
Tanzania,TZA,1970,,13535481
Uganda,UGA,1970,,9405600
Ukraine,UKR,1970,,47088857
Uruguay,URY,1970,15683471262.2339,2809793
United States,USA,1970,5173903810700.0,209513341
Uzbekistan,UZB,1970,,12080317
British Virgin Islands,VGB,1970,,9827
Vietnam,VNM,1970,,43404793
Vanuatu,VUT,1970,,85377
Samoa,WSM,1970,,143149
South Africa,ZAF,1970,146079668984.305,22069776
Zambia,ZMB,1970,7208546517.68777,4179067
Zimbabwe,ZWE,1970,8145240502.33398,5289303
Aruba,ABW,1975,,60657
Afghanistan,AFG,1975,,12689160
Angola,AGO,1975,,7024000
Albania,ALB,1975,,2411732
Andorra,AND,1975,1407805910.58157,30705
United Arab Emirates,ARE,1975,80386802831.8584,548301
Argentina,ARG,1975,206454730042.606,25865776
Armenia,ARM,1975,,2832759
American Samoa,ASM,1975,,30052
Antigua and Barbuda,ATG,1975,322802895.238522,62675
Australia,AUS,1975,406244848988.393,13773288
Austria,AUT,1975,194785286243.434,7637689
Azerbaijan,AZE,1975,,5674133
Burundi,BDI,1975,1134075385.27516,3700880
Belgium,BEL,1975,246004850188.709,9771586
Benin,BEN,1975,1915626267.4681,3265165
Burkina Faso,BFA,1975,1946826233.6606,6154545
Bangladesh,BGD,1975,25303471152.2294,70066301
Bulgaria,BGR,1975,,8738392
Bahrain,BHR,1975,,266543
Bosnia and Herzegovina,BIH,1975,,3985105
Belarus,BLR,1975,,9252779
Belize,BLZ,1975,246799362.742398,133260
Bermuda,BMU,1975,2985250053.66029,55400
Bolivia,BOL,1975,9130881401.37437,5001419
Brazil,BRA,1975,837972796917.598,107216205
Barbados,BRB,1975,2809162443.03451,246154
Bhutan,BTN,1975,,348396
Botswana,BWA,1975,1318731376.88286,741355
Central African Republic,CAF,1975,1311353247.75692,1958367
Canada,CAN,1975,710573804617.586,23059265
Switzerland,CHE,1975,322240541486.023,6337025
Channel Islands,CHI,1975,,126415
Chile,CHL,1975,46839269114.6994,10592307
China,CHN,1975,264208752286.887,926240885
Cameroon,CMR,1975,8987842970.07563,7451054
Colombia,COL,1975,88787561780.2276,24065507
Comoros,COM,1975,,257290
Cabo Verde,CPV,1975,,270247
Costa Rica,CRI,1975,10686331517.6293,2094188
Cuba,CUB,1975,29240179372.424,9446442
Cayman Islands,CYM,1975,,12244
Cyprus,CYP,1975,5163592529.44669,649751
Germany,DEU,1975,1875583307414.87,78856039
Djibouti,DJI,1975,,224183
Dominica,DMA,1975,192329541.059681,72094
Denmark,DNK,1975,176368700986.384,5062729
Dominican Republic,DOM,1975,13228578622.9572,5144637
Algeria,DZA,1975,59180352662.8655,16607707
Ecuador,ECU,1975,25863628384.4359,6994334
Eritrea,ERI,1975,,1505439
Spain,ESP,1975,630251371585.101,35879209
Estonia,EST,1975,,1422043
Ethiopia,ETH,1975,,32566854
Finland,FIN,1975,105555252558.093,4718749
Fiji,FJI,1975,1653679307.34359,576626
France,FRA,1975,1355601771262.2,52688576
Gabon,GAB,1975,11310770691.4855,647536
United Kingdom,GBR,1975,1156715478075.17,56152333
Georgia,GEO,1975,14547180899.5721,4873639
Ghana,GHA,1975,9162989531.06795,9985946
Gibraltar,GIB,1975,,30067
Guinea,GIN,1975,,4491248
Guinea-Bissau,GNB,1975,393974143.15114,765989
Equatorial Guinea,GNQ,1975,,255800
Greece,GRC,1975,165524498469.44,9014085
Grenada,GRD,1975,265671122.377339,92494
Greenland,GRL,1975,1142631846.77565,49586
Guatemala,GTM,1975,15979615674.7302,6433728
Guam,GUM,1975,,93352
Guyana,GUY,1975,1600973511.10883,745841
Honduras,HND,1975,5158549474.30779,3153253
Croatia,HRV,1975,,4500867
Haiti,HTI,1975,5777294108.08758,5094577
Hungary,HUN,1975,,10526780
Indonesia,IDN,1975,144181954870.161,130680727
Isle of Man,IMN,1975,,59478
India,IND,1975,276451795599.075,623102897
Ireland,IRL,1975,52565572944.2375,3137176
Iraq,IRQ,1975,25881979812.2088,11684590
Iceland,ISL,1975,5331420910.08063,218070
Israel,ISR,1975,60523118608.1001,3296935
Italy,ITA,1975,1219516493121.85,55265284
Jamaica,JAM,1975,8527447578.51027,2028016
Jordan,JOR,1975,4563934629.39432,2065913
Japan,JPN,1975,2644517786330.86,112413359
Kazakhstan,KAZ,1975,,14050226
Kenya,KEN,1975,12026111611.8784,13575907
Cambodia,KHM,1975,,7524447
Kiribati,KIR,1975,173367743.995347,55114
Kuwait,KWT,1975,,1021720
Lebanon,LBN,1975,,2575749
Liberia,LBR,1975,,1600452
Libya,LBY,1975,,2645139
Liechtenstein,LIE,1975,,23438
Sri Lanka,LKA,1975,11490277126.3111,13755146
Lesotho,LSO,1975,612523900.123684,1160792
Lithuania,LTU,1975,,3298879
Luxembourg,LUX,1975,14454998303.395,353983
Latvia,LVA,1975,,2469444
Morocco,MAR,1975,24509737499.8931,17796164
Monaco,MCO,1975,2641873405.61741,25198
Moldova,MDA,1975,,3840045
Madagascar,MDG,1975,5027468159.29592,7556026
Maldives,MDV,1975,,136417
Mexico,MEX,1975,416081759447.639,59607953
Marshall Islands,MHL,1975,,25576
North Macedonia,MKD,1975,,1803010
Mali,MLI,1975,3047764737.91777,6482278
Malta,MLT,1975,2209310463.57616,322356
Myanmar,MMR,1975,5831388166.40491,30611095
Montenegro,MNE,1975,,554262
Mongolia,MNG,1975,,1479651
Northern Mariana Islands,MNP,1975,,14924
Mozambique,MOZ,1975,,10165215
Mauritania,MRT,1975,1625970986.06945,1330598
Mauritius,MUS,1975,2322841105.38841,892211
Malawi,MWI,1975,2181425288.08194,5384795
Malaysia,MYS,1975,36528739152.5442,12162187
Namibia,NAM,1975,,947921
New Caledonia,NCL,1975,,130264
Niger,NER,1975,2606612318.90816,5184941
Nigeria,NGA,1975,144274983629.674,63374298
Nicaragua,NIC,1975,7603080086.62963,2806857
Netherlands,NLD,1975,403310368736.959,13683291
Norway,NOR,1975,174937653561.285,4008031
Nepal,NPL,1975,4040316405.15103,13420369
Nauru,NRU,1975,,7175
New Zealand,NZL,1975,67008774786.3791,3082633
Oman,OMN,1975,10734516514.9545,882047
Pakistan,PAK,1975,35148389789.1423,66816877
Panama,PAN,1975,6752353098.16876,1745138
Peru,PER,1975,60274031234.3882,15424744
Philippines,PHL,1975,68455382411.6782,41285742
Palau,PLW,1975,,12904
Papua New Guinea,PNG,1975,5254138092.29759,3139945
Poland,POL,1975,,33970724
Puerto Rico,PRI,1975,40240916849.2279,2844927
Portugal,PRT,1975,106492957787.608,9172241
Paraguay,PRY,1975,7165030968.01572,2791241
French Polynesia,PYF,1975,,131233
Qatar,QAT,1975,,164320
Romania,ROU,1975,,21665643
Rwanda,RWA,1975,1604439876.89631,4364706
Saudi Arabia,SAU,1975,317387724293.334,7419493
Sudan,SDN,1975,17093404114.2742,12144135
Senegal,SEN,1975,6280796342.79947,4929846
Singapore,SGP,1975,25127408051.8519,2259721
Solomon Islands,SLB,1975,,193402
Sierra Leone,SLE,1975,1463516149.70813,3037154
El Salvador,SLV,1975,13185621806.3029,4154692
San Marino,SMR,1975,,19831
Somalia,SOM,1975,,3880292
Serbia,SRB,1975,,8497170
South Sudan,SSD,1975,,3941618
Suriname,SUR,1975,2549991656.4838,359226
Slovenia,SVN,1975,,1742623
Sweden,SWE,1975,240813444653.729,8197340
Eswatini,SWZ,1975,822988679.068791,499763
Seychelles,SYC,1975,288246078.631383,59585
Chad,TCD,1975,2521507874.27877,4088564
Togo,TGO,1975,1571313155.84642,2410446
Thailand,THA,1975,54415512544.9501,42326312
Tajikistan,TJK,1975,,3390941
Turkmenistan,TKM,1975,,2525364
Timor-Leste,TLS,1975,,629227
Tonga,TON,1975,,88318
Trinidad and Tobago,TTO,1975,7194699343.01585,1010936
Tunisia,TUN,1975,10604263588.0956,5656914
Turkey,TUR,1975,222858067577.418,39277258
Tuvalu,TUV,1975,,6060
Tanzania,TZA,1975,,15885229
Uganda,UGA,1975,,10737403
Ukraine,UKR,1975,,48755665
Uruguay,URY,1975,18103953323.5173,2830176
United States,USA,1975,5982005451900.0,219081251
Uzbekistan,UZB,1975,,13857478
British Virgin Islands,VGB,1975,,10699
Vietnam,VNM,1975,,48718189
Vanuatu,VUT,1975,,99859
Samoa,WSM,1975,,151359
South Africa,ZAF,1975,168392072977.206,25195187
Zambia,ZMB,1975,7527629234.32907,4943283
Zimbabwe,ZWE,1975,8177276902.9524,6293875
Aruba,ABW,1980,,60096
Afghanistan,AFG,1980,,13356511
Angola,AGO,1980,25354505077.5016,8341289
Albania,ALB,1980,5795262041.82743,2682690
Andorra,AND,1980,1476804647.19237,36067
United Arab Emirates,ARE,1980,115688082614.023,1019509
Argentina,ARG,1980,207618683386.485,27896528
Armenia,ARM,1980,,3099754
American Samoa,ASM,1980,,32646
Antigua and Barbuda,ATG,1980,408583936.388601,61865
Australia,AUS,1980,469182358833.87,14588405
Austria,AUT,1980,212216351195.68,7609752
Azerbaijan,AZE,1980,,6150733
Burundi,BDI,1980,1280096145.19707,4157298
Belgium,BEL,1980,271274619027.925,9868995
Benin,BEN,1980,2480457972.97837,3717165
Burkina Faso,BFA,1980,2430680631.95068,6822843
Bangladesh,BGD,1980,31352959198.5596,79639491
Bulgaria,BGR,1980,30667386625.1523,8878791
Bahrain,BHR,1980,6673391235.87742,359888
Bosnia and Herzegovina,BIH,1980,,4179855
Belarus,BLR,1980,,9569847
Belize,BLZ,1980,328176988.727382,144155
Bermuda,BMU,1980,3238237346.34334,57573
Bolivia,BOL,1980,8864632688.12718,5579935
Brazil,BRA,1980,969050273738.546,120694009
Barbados,BRB,1980,3093267482.19829,252394
Bhutan,BTN,1980,194559060.675521,406875
Botswana,BWA,1980,2316500951.15227,897868
Central African Republic,CAF,1980,1311353247.75692,2199356
Canada,CAN,1980,781952266193.827,24416886
Switzerland,CHE,1980,347821247668.926,6283832
Channel Islands,CHI,1980,,128212
Chile,CHL,1980,55985566287.3175,11419348
China,CHN,1980,390229205390.132,1000089235
Cameroon,CMR,1980,14349017721.0806,8621406
Colombia,COL,1980,109066373587.441,26900506
Comoros,COM,1980,476840557.791609,307829
Cabo Verde,CPV,1980,215398566.537885,283847
Costa Rica,CRI,1980,10880098979.3785,2389977
Cuba,CUB,1980,39082746853.6651,9849459
Cayman Islands,CYM,1980,,16212
Cyprus,CYP,1980,7030460364.84206,685405
Germany,DEU,1980,2043243770101.74,78283100
Djibouti,DJI,1980,,358960
Dominica,DMA,1980,227104164.742335,75314
Denmark,DNK,1980,191946178882.75,5123945
Dominican Republic,DOM,1980,16172331963.6539,5803927
Algeria,DZA,1980,76732080647.514,19221665
Ecuador,ECU,1980,31254158536.0804,7989186
Eritrea,ERI,1980,,1733416
Spain,ESP,1980,661140958805.749,37698196
Estonia,EST,1980,,1474439
Ethiopia,ETH,1980,8302969570.96223,35141712
Finland,FIN,1980,128069196072.583,4788243
Fiji,FJI,1980,1859607282.04261,635307
France,FRA,1980,1536008235461.47,53868009
Gabon,GAB,1980,9014598089.52999,726328
United Kingdom,GBR,1980,1240055438891.31,56209171
Georgia,GEO,1980,18841656859.5869,5017833
Ghana,GHA,1980,8743901117.92262,11056116
Gibraltar,GIB,1980,,30065
Guinea,GIN,1980,,4871435
Guinea-Bissau,GNB,1980,470430840.765613,781677
Equatorial Guinea,GNQ,1980,178171240.962056,249929
Greece,GRC,1980,179661448556.809,9627002
Grenada,GRD,1980,310778806.574048,89032
Greenland,GRL,1980,1328235078.62707,50179
Guatemala,GTM,1980,17699720359.4727,7283459
Guam,GUM,1980,,104133
Guyana,GUY,1980,1383267660.56763,780153
Honduras,HND,1980,5617590802.97151,3678279
Croatia,HRV,1980,,4598130
Haiti,HTI,1980,6639122400.28879,5643173
Hungary,HUN,1980,,10754286
Indonesia,IDN,1980,200329196198.437,147447836
Isle of Man,IMN,1980,,63551
India,IND,1980,324234528873.41,698952844
Ireland,IRL,1980,63266067370.0433,3384756
Iraq,IRQ,1980,46908434203.177,13653354
Iceland,ISL,1980,6675714821.77057,228262
Israel,ISR,1980,74181560399.9,3700919
Italy,ITA,1980,1397220277176.56,56349349
Jamaica,JAM,1980,8329388788.64095,2162846
Jordan,JOR,1980,8064094510.05204,2377995
Japan,JPN,1980,3250668119161.71,117816940
Kazakhstan,KAZ,1980,,14796174
Kenya,KEN,1980,15390004222.6613,16417197
Cambodia,KHM,1980,,6693764
Kiribati,KIR,1980,133611156.49205,59301
Kuwait,KWT,1980,,1368677
Lebanon,LBN,1980,,2588929
Liberia,LBR,1980,,1853001
Libya,LBY,1980,,3219466
Liechtenstein,LIE,1980,,25879
Sri Lanka,LKA,1980,15050236593.7356,15035834
Lesotho,LSO,1980,762811274.133811,1340255
Lithuania,LTU,1980,,3430760
Luxembourg,LUX,1980,15615518611.081,364038
Latvia,LVA,1980,,2521391
Morocco,MAR,1980,29135236266.2304,19990012
Monaco,MCO,1980,2988951123.82566,26745
Moldova,MDA,1980,,4011076
Madagascar,MDG,1980,4805033640.52864,8716553
Maldives,MDV,1980,,158272
Mexico,MEX,1980,586478778503.066,67761372
Marshall Islands,MHL,1980,74638083.4090583,30576
North Macedonia,MKD,1980,,1924197
Mali,MLI,1980,2982230716.74934,7090126
Malta,MLT,1980,3069592450.33113,331497
Myanmar,MMR,1980,7921959309.83461,34224313
Montenegro,MNE,1980,,580754
Mongolia,MNG,1980,2705613731.30717,1689622
Northern Mariana Islands,MNP,1980,,16633
Mozambique,MOZ,1980,2206197321.6917,11630194
Mauritania,MRT,1980,1770450002.04615,1540640
Mauritius,MUS,1980,2508223475.82068,966031
Malawi,MWI,1980,2436164088.91949,6250440
Malaysia,MYS,1980,51858697478.4598,13798085
Namibia,NAM,1980,4490396249.93789,1057727
New Caledonia,NCL,1980,,145144
Niger,NER,1980,3167897833.47211,5989004
Nigeria,NGA,1980,122456485105.781,73423633
Nicaragua,NIC,1980,5631966837.00876,3265519
Netherlands,NLD,1980,419570276663.826,14148415
Norway,NOR,1980,201952472146.698,4086076
Nepal,NPL,1980,4742680183.0763,15016402
Nauru,NRU,1980,,7741
New Zealand,NZL,1980,73493686755.2983,3146619
Oman,OMN,1980,14935261898.5696,1154377
Pakistan,PAK,1980,49934265088.366,78054343
Panama,PAN,1980,10080611703.6331,1978487
Peru,PER,1980,68152800291.4002,17547610
Philippines,PHL,1980,85703593377.5842,47357743
Palau,PLW,1980,,12179
Papua New Guinea,PNG,1980,5678463474.06455,3571205
Poland,POL,1980,,35539720
Puerto Rico,PRI,1980,48196619593.8094,3090691
Portugal,PRT,1980,125556780626.323,9750964
Paraguay,PRY,1980,10797508951.8502,3181625
French Polynesia,PYF,1980,,153301
Qatar,QAT,1980,,223632
Romania,ROU,1980,,22615639
Rwanda,RWA,1980,2291296368.92532,5153312
Saudi Arabia,SAU,1980,287448524293.334,9691476
Sudan,SDN,1980,17651287989.0814,14507468
Senegal,SEN,1980,7071841680.97782,5583165
Singapore,SGP,1980,38774275624.3363,2411688
Solomon Islands,SLB,1980,,230546
Sierra Leone,SLE,1980,1770319366.26749,3388495
El Salvador,SLV,1980,9850571147.79508,4591134
San Marino,SMR,1980,,21459
Somalia,SOM,1980,,6281134
Serbia,SRB,1980,,8908294
South Sudan,SSD,1980,,4502604
Suriname,SUR,1980,2528320737.2841,359519
Slovenia,SVN,1980,,1835831
Sweden,SWE,1980,263188803358.157,8316338
Eswatini,SWZ,1980,1121418524.0977,587858
Seychelles,SYC,1980,351410919.644009,66244
Chad,TCD,1980,1971720641.87343,4514430
Togo,TGO,1980,1767385935.25271,2720839
Thailand,THA,1980,74213103191.0383,47374472
Tajikistan,TJK,1980,,3905446
Turkmenistan,TKM,1980,,2876808
Timor-Leste,TLS,1980,,599905
Tonga,TON,1980,215798320.403061,92971
Trinidad and Tobago,TTO,1980,9826344085.31107,1084744
Tunisia,TUN,1980,13566038004.7506,6374039
Turkey,TUR,1980,238137937867.774,43975971
Tuvalu,TUV,1980,,7637
Tanzania,TZA,1980,,18538259
Uganda,UGA,1980,4040725726.73423,12442334
Ukraine,UKR,1980,,49965874
Uruguay,URY,1980,19652674358.1017,2915389
United States,USA,1980,6541053812600.0,229476354
Uzbekistan,UZB,1980,,15898757
British Virgin Islands,VGB,1980,,11478
Vietnam,VNM,1980,,54281846
Vanuatu,VUT,1980,276137456.441239,115597
Samoa,WSM,1980,347169627.139106,155525
South Africa,ZAF,1980,201478842333.729,28556769
Zambia,ZMB,1980,7803889933.50149,5851825
Zimbabwe,ZWE,1980,10859909746.198,7408624
Aruba,ABW,1985,1139434503.72889,63026
Afghanistan,AFG,1985,,11938208
Angola,AGO,1985,31042966694.3324,9961997
Albania,ALB,1985,6171953924.17107,2969672
Andorra,AND,1985,1705857764.18649,44600
United Arab Emirates,ARE,1985,97153023580.6671,1366164
Argentina,ARG,1985,227461126795.486,30216279
Armenia,ARM,1985,,3335940
American Samoa,ASM,1985,,39519
Antigua and Barbuda,ATG,1985,606906333.449014,61786
Australia,AUS,1985,538775816095.741,15663663
Austria,AUT,1985,232369695258.041,7614868
Azerbaijan,AZE,1985,,6666447
Burundi,BDI,1985,1619172092.81896,4750837
Belgium,BEL,1985,295261346642.314,9916578
Benin,BEN,1985,2771173298.85902,4278501
Burkina Faso,BFA,1985,2799944613.51917,7727907
Bangladesh,BGD,1985,38133389635.1624,90764183
Bulgaria,BGR,1985,37218524434.8179,8975361
Bahrain,BHR,1985,7930419191.02771,419428
Bosnia and Herzegovina,BIH,1985,,4392131
Belarus,BLR,1985,,9901493
Belize,BLZ,1985,382932265.267936,164921
Bermuda,BMU,1985,3599647764.46201,59602
Bolivia,BOL,1985,8332423696.09193,6179460
Brazil,BRA,1985,1189929895357.39,135274080
Barbados,BRB,1985,3507632992.51415,256263
Bhutan,BTN,1985,339066684.688327,464266
Botswana,BWA,1985,3688555238.94084,1069582
Central African Republic,CAF,1985,1349741831.24203,2542169
Canada,CAN,1985,946055897942.985,25744810
Switzerland,CHE,1985,386806067212.6,6435424
Channel Islands,CHI,1985,,133808
Chile,CHL,1985,64594855902.1142,12257236
China,CHN,1985,687378908817.38,1075589361
Cameroon,CMR,1985,18607164723.2004,10070806
Colombia,COL,1985,131635266609.146,29951201
Comoros,COM,1985,551059782.198497,355337
Cabo Verde,CPV,1985,285418158.560789,311678
Costa Rica,CRI,1985,13463291788.325,2736712
Cuba,CUB,1985,44131362144.0037,10097911
Cayman Islands,CYM,1985,,19467
Cyprus,CYP,1985,9401176903.26703,703685
Germany,DEU,1985,2264901161041.1,77691595
Djibouti,DJI,1985,,425613
Dominica,DMA,1985,280165359.177081,73201
Denmark,DNK,1985,224378594168.819,5114243
Dominican Republic,DOM,1985,19116085304.3506,6464229
Algeria,DZA,1985,88296445990.496,22431502
Ecuador,ECU,1985,34286592743.4633,9066109
Eritrea,ERI,1985,,2003937
Spain,ESP,1985,763684253209.553,38733876
Estonia,EST,1985,,1522400
Ethiopia,ETH,1985,9686371611.63207,40652141
Finland,FIN,1985,150139405211.898,4911220
Fiji,FJI,1985,1858040318.99996,711775
France,FRA,1985,1683779164604.12,55254848
Gabon,GAB,1985,8215724303.74084,827108
United Kingdom,GBR,1985,1495839432054.31,56413553
Georgia,GEO,1985,20221007106.3454,5211454
Ghana,GHA,1985,10504107777.7624,12783613
Gibraltar,GIB,1985,,29154
Guinea,GIN,1985,2983855446.26038,5470702
Guinea-Bissau,GNB,1985,527259116.908327,872163
Equatorial Guinea,GNQ,1985,217641261.247788,352118
Greece,GRC,1985,182588903662.859,9968238
Grenada,GRD,1985,413412905.765728,99946
Greenland,GRL,1985,1526264934.67375,53190
Guatemala,GTM,1985,17860468057.1686,8240060
Guam,GUM,1985,,116572
Guyana,GUY,1985,1253741355.00016,770435
Honduras,HND,1985,7150741200.15522,4281161
Croatia,HRV,1985,,4716117
Haiti,HTI,1985,6673121991.59099,6337273
Hungary,HUN,1985,,10566323
Indonesia,IDN,1985,254159855613.231,164982451
Isle of Man,IMN,1985,1553178476.68663,64278
India,IND,1985,414086219820.921,784360008
Ireland,IRL,1985,70753286621.1642,3510979
Iraq,IRQ,1985,46617016427.9371,15555800
Iceland,ISL,1985,8104427529.66218,241582
Israel,ISR,1985,89875946120.9412,4035068
Italy,ITA,1985,1592131669024.37,56936774
Jamaica,JAM,1985,8912941562.52792,2335510
Jordan,JOR,1985,10178941368.5963,2900049
Japan,JPN,1985,4004732064594.53,121883482
Kazakhstan,KAZ,1985,,15665595
Kenya,KEN,1985,18788074472.9767,19877083
Cambodia,KHM,1985,,7714880
Kiribati,KIR,1985,116508928.461067,63986
Kuwait,KWT,1985,,1735274
Lebanon,LBN,1985,,2651995
Liberia,LBR,1985,,2145754
Libya,LBY,1985,,3873781
Liechtenstein,LIE,1985,,27288
Sri Lanka,LKA,1985,18479680674.3397,16176280
Lesotho,LSO,1985,888355356.10585,1526131
Lithuania,LTU,1985,,3562397
Luxembourg,LUX,1985,20069409192.2146,366884
Latvia,LVA,1985,,2580758
Morocco,MAR,1985,36294801242.8977,22499110
Monaco,MCO,1985,3278054174.92082,28832
Moldova,MDA,1985,,4216249
Madagascar,MDG,1985,5145661260.66408,10063495
Maldives,MDV,1985,,189537
Mexico,MEX,1985,589712215373.999,75983485
Marshall Islands,MHL,1985,114333776.618818,38333
North Macedonia,MKD,1985,,1981534
Mali,MLI,1985,3734922568.38203,7831889
Malta,MLT,1985,3416801456.95364,346250
Myanmar,MMR,1985,8477051707.97686,37977086
Montenegro,MNE,1985,,614016
Mongolia,MNG,1985,3628581398.10905,1921881
Northern Mariana Islands,MNP,1985,,28720
Mozambique,MOZ,1985,1968171275.23469,12764387
Mauritania,MRT,1985,1971909384.7017,1780030
Mauritius,MUS,1985,3369255416.36869,1015762
Malawi,MWI,1985,2823056334.54651,7268267
Malaysia,MYS,1985,62587267591.3446,15598927
Namibia,NAM,1985,4793637035.61658,1198148
New Caledonia,NCL,1985,,155982
Niger,NER,1985,2877607246.09151,6915997
Nigeria,NGA,1985,117967933370.303,83562785
Nicaragua,NIC,1985,5467299293.51203,3734341
Netherlands,NLD,1985,474360755947.18,14513949
Norway,NOR,1985,248840033746.036,4153105
Nepal,NPL,1985,5696643954.4877,16858310
Nauru,NRU,1985,,8501
New Zealand,NZL,1985,83698913719.4408,3268236
Oman,OMN,1985,22835420546.1639,1498418
Pakistan,PAK,1985,67691764262.6561,92191510
Panama,PAN,1985,10553256033.9534,2219201
Peru,PER,1985,77524307460.3656,19772872
Philippines,PHL,1985,80910769692.4349,54275822
Palau,PLW,1985,,13528
Papua New Guinea,PNG,1985,6535595523.61586,4081030
Poland,POL,1985,,37133870
Puerto Rico,PRI,1985,57074231020.916,3263179
Portugal,PRT,1985,140073863577.627,9929184
Paraguay,PRY,1985,12704711054.0582,3676210
French Polynesia,PYF,1985,,177027
Qatar,QAT,1985,,370890
Romania,ROU,1985,,23071274
Rwanda,RWA,1985,2559956143.6835,6146891
Saudi Arabia,SAU,1985,226727434880.0,13118993
Sudan,SDN,1985,19310609152.6946,17210187
Senegal,SEN,1985,7848196405.83266,6471327
Singapore,SGP,1985,51097695328.704,2705534
Solomon Islands,SLB,1985,,270788
Sierra Leone,SLE,1985,1854377474.03511,3805311
El Salvador,SLV,1985,10474128705.2734,4936807
San Marino,SMR,1985,,22798
Somalia,SOM,1985,,6648627
Serbia,SRB,1985,,9253405
South Sudan,SSD,1985,,5220747
Suriname,SUR,1985,2298730742.91607,368638
Slovenia,SVN,1985,,1945130
Sweden,SWE,1985,303094439669.47,8357652
Eswatini,SWZ,1985,1608955404.30484,699080
Seychelles,SYC,1985,418074999.070898,69775
Chad,TCD,1985,2654177278.46846,5095401
Togo,TGO,1985,1901806748.13982,3252994
Thailand,THA,1985,100225589275.963,52026901
Tajikistan,TJK,1985,6406208669.30888,4537822
Turkmenistan,TKM,1985,9505676773.02964,3244018
Timor-Leste,TLS,1985,,657053
Tonga,TON,1985,250915732.403661,93896
Trinidad and Tobago,TTO,1985,7352466280.6328,1170285
Tunisia,TUN,1985,16684141330.1663,7329594
Turkey,TUR,1985,325792375022.607,49133937
Tuvalu,TUV,1985,,8219
Tanzania,TZA,1985,,21633796
Uganda,UGA,1985,4297152533.91117,14559355
Ukraine,UKR,1985,206227774393.551,50919275
Uruguay,URY,1985,20784241382.2142,3011519
United States,USA,1985,8179962259700.0,240499825
Uzbekistan,UZB,1985,18001187716.5451,18061284
British Virgin Islands,VGB,1985,,13956
Vietnam,VNM,1985,24831086648.2253,60896721
Vanuatu,VUT,1985,337344400.87191,129984
Samoa,WSM,1985,389069434.602753,159990
South Africa,ZAF,1985,209675110152.794,32678874
Zambia,ZMB,1985,8012695628.60895,6923149
Zimbabwe,ZWE,1985,11952044255.9259,8877489
Aruba,ABW,1990,1801538336.97676,62149
Afghanistan,AFG,1990,,12412308
Angola,AGO,1990,30261328944.0939,11848386
Albania,ALB,1990,4038048267.97926,3286073
Andorra,AND,1990,2018600970.43982,54509
United Arab Emirates,ARE,1990,131085077658.271,1828432
Argentina,ARG,1990,239980394235.249,32618651
Armenia,ARM,1990,3267341064.49481,3538171
American Samoa,ASM,1990,,47347
Antigua and Barbuda,ATG,1990,715590002.022208,62528
Australia,AUS,1990,612950039053.017,16960597
Austria,AUT,1990,274784266755.542,7723949
Azerbaijan,AZE,1990,17426057674.4447,7242761
Burundi,BDI,1990,1891962014.70775,5438957
Belgium,BEL,1990,341163625451.89,10006544
Benin,BEN,1990,3255337130.07533,4978496
Burkina Faso,BFA,1990,3288098668.1456,8811034
Bangladesh,BGD,1990,46288404442.7889,103171956
Bulgaria,BGR,1990,30811149654.799,8841458
Bahrain,BHR,1990,10555092806.0632,495931
Bosnia and Herzegovina,BIH,1990,,4463423
Belarus,BLR,1990,28943969894.2669,10151134
Belize,BLZ,1990,661343544.753389,187552
Bermuda,BMU,1990,3627837777.07534,61634
Bolivia,BOL,1990,9964278166.45114,6864842
Brazil,BRA,1990,1201951669565.71,149003223
Barbados,BRB,1990,3249171471.60855,260936
Bhutan,BTN,1990,441730787.82885,530804
Botswana,BWA,1990,5882186484.96478,1286756
Central African Republic,CAF,1990,1274817593.34965,2806734
Canada,CAN,1990,1000133607828.78,27541319
Switzerland,CHE,1990,427955636280.103,6652868
Channel Islands,CHI,1990,,140671
Chile,CHL,1990,94389329346.47,13274623
China,CHN,1990,1033270559644.75,1176883674
Cameroon,CMR,1990,14737572780.8536,11780088
Colombia,COL,1990,156779948468.366,33102575
Comoros,COM,1990,591168266.120947,411594
Cabo Verde,CPV,1990,362219240.814581,337950
Costa Rica,CRI,1990,17015459543.0154,3119433
Cuba,CUB,1990,35312571036.5985,10596987
Cayman Islands,CYM,1990,,25312
Cyprus,CYP,1990,13051154569.5364,766615
Germany,DEU,1990,2751786253950.05,79053984
Djibouti,DJI,1990,,590398
Dominica,DMA,1990,328642095.419358,70419
Denmark,DNK,1990,236866276676.609,5141115
Dominican Republic,DOM,1990,21640873614.8284,7133494
Algeria,DZA,1990,92521819701.8253,25758869
Ecuador,ECU,1990,40490851303.0372,10230934
Eritrea,ERI,1990,1179433456.90305,2258653
Spain,ESP,1990,903694215028.917,39202525
Estonia,EST,1990,,1565246
Ethiopia,ETH,1990,8450777235.35501,47887865
Finland,FIN,1990,152008168119.698,4996222
Fiji,FJI,1990,2201205463.61083,728573
France,FRA,1990,1944524371735.37,56666849
Gabon,GAB,1990,10885760985.9173,949488
United Kingdom,GBR,1990,1622822748446.88,57134391
Georgia,GEO,1990,7338081411.65909,5410399
Ghana,GHA,1990,13176122942.9543,14773277
Gibraltar,GIB,1990,,29147
Guinea,GIN,1990,3647194182.70653,6352283
Guinea-Bissau,GNB,1990,659690791.409824,975261
Equatorial Guinea,GNQ,1990,289132649.495085,419188
Greece,GRC,1990,205207690736.387,10225992
Grenada,GRD,1990,461841827.778543,96331
Greenland,GRL,1990,1438443004.21401,55604
Guatemala,GTM,1990,21610437211.1361,9263813
Guam,GUM,1990,,130482
Guyana,GUY,1990,1271830483.21884,743309
Honduras,HND,1990,7878842438.7463,4955303
Croatia,HRV,1990,,4776374
Haiti,HTI,1990,6327596400.93091,7037917
Hungary,HUN,1990,89052388474.4702,10377137
Indonesia,IDN,1990,352757997188.375,181413402
Isle of Man,IMN,1990,1980006043.00359,70298
India,IND,1990,541049871574.462,873277798
Ireland,IRL,1990,90002689668.8859,3510885
Iraq,IRQ,1990,33971161752.0081,17419113
Iceland,ISL,1990,7918175329.58882,255043
Israel,ISR,1990,115884921075.742,4448353
Italy,ITA,1990,1790908141344.95,57048236
Jamaica,JAM,1990,11062013882.1015,2419906
Jordan,JOR,1990,10549219358.0342,3565890
Japan,JPN,1990,4905603627977.37,124505240
Kazakhstan,KAZ,1990,81159668194.6153,16383887
Kenya,KEN,1990,21901663054.0192,23724579
Cambodia,KHM,1990,,8975597
Kiribati,KIR,1990,122922263.972686,72400
Kuwait,KWT,1990,43844942777.3901,2095344
Lebanon,LBN,1990,14664294362.3881,2803044
Liberia,LBR,1990,,2075912
Libya,LBY,1990,,4436661
Liechtenstein,LIE,1990,,28789
Sri Lanka,LKA,1990,22508624131.3587,17325773
Lesotho,LSO,1990,1238332756.14788,1703747
Lithuania,LTU,1990,,3696035
Luxembourg,LUX,1990,27845863937.758,381791
Latvia,LVA,1990,,2664439
Morocco,MAR,1990,45330392242.2896,24807462
Monaco,MCO,1990,3753798543.04636,29438
Moldova,MDA,1990,,4365564
Madagascar,MDG,1990,5414275712.05954,11598633
Maldives,MDV,1990,,223158
Mexico,MEX,1990,705682263949.997,83943132
Marshall Islands,MHL,1990,133397032.920752,47271
North Macedonia,MKD,1990,6744615144.06165,1996228
Mali,MLI,1990,4405875697.20066,8449913
Malta,MLT,1990,4738185695.36424,362015
Myanmar,MMR,1990,8728758488.44639,41335199
Montenegro,MNE,1990,,615002
Mongolia,MNG,1990,3187216784.29068,2184145
Northern Mariana Islands,MNP,1990,,45752
Mozambique,MOZ,1990,2277201008.60038,12987292
Mauritania,MRT,1990,2140733548.69127,2034346
Mauritius,MUS,1990,4481586561.56374,1055868
Malawi,MWI,1990,3143572711.7413,9404500
Malaysia,MYS,1990,97570837043.2461,18029824
Namibia,NAM,1990,5824026868.26081,1432905
New Caledonia,NCL,1990,,170336
Niger,NER,1990,2937011970.98976,8026591
Nigeria,NGA,1990,151469389236.051,95212450
Nicaragua,NIC,1990,4710188558.99628,4173434
Netherlands,NLD,1990,556156640334.248,14965448
Norway,NOR,1990,272932196509.031,4247285
Nepal,NPL,1990,7416446123.91876,18905478
Nauru,NRU,1990,,9505
New Zealand,NZL,1990,83658039301.4315,3398172
Oman,OMN,1990,31057681924.5774,1812161
Pakistan,PAK,1990,90385860526.2192,107647921
Panama,PAN,1990,11881907174.8476,2470947
Peru,PER,1990,59468972009.4987,22071433
Philippines,PHL,1990,94290648382.7695,61895160
Palau,PLW,1990,,15058
Papua New Guinea,PNG,1990,8020050058.08388,4615839
Poland,POL,1990,216062455153.799,37960193
Puerto Rico,PRI,1990,65536000403.6773,3403154
Portugal,PRT,1990,175763983787.003,9895364
Paraguay,PRY,1990,15769275703.7478,4223415
French Polynesia,PYF,1990,,199905
Qatar,QAT,1990,,476278
Romania,ROU,1990,99153512866.8714,23489160
Rwanda,RWA,1990,2693784570.49939,7288882
Saudi Arabia,SAU,1990,351519121626.667,16233785
Sudan,SDN,1990,22708983110.0303,20147590
Senegal,SEN,1990,8365844443.90779,7526307
Singapore,SGP,1990,78252042324.0719,3012966
Solomon Islands,SLB,1990,483789608.006826,311866
Sierra Leone,SLE,1990,1486923459.01503,4319762
El Salvador,SLV,1990,12267208404.0216,5270079
San Marino,SMR,1990,,24125
Somalia,SOM,1990,,7225092
Serbia,SRB,1990,,9517675
South Sudan,SSD,1990,,5492623
Suriname,SUR,1990,2542623802.16948,405168
Slovenia,SVN,1990,26578626805.0835,2006405
Sweden,SWE,1990,314144661806.545,8567384
Eswatini,SWZ,1990,2461124288.65669,822420
Seychelles,SYC,1990,577313656.241428,70570
Chad,TCD,1990,3610944962.05134,5963252
Togo,TGO,1990,2007375377.63386,3774312
Thailand,THA,1990,166156532830.725,56558186
Tajikistan,TJK,1990,4472979042.52389,5283814
Turkmenistan,TKM,1990,11096839691.0073,3683967
Timor-Leste,TLS,1990,,737814
Tonga,TON,1990,258281571.752458,95069
Trinidad and Tobago,TTO,1990,8072792573.07898,1221116
Tunisia,TUN,1990,20541670811.7927,8242496
Turkey,TUR,1990,386458154629.762,53921760
Tuvalu,TUV,1990,22836261.7726032,8913
Tanzania,TZA,1990,12974302065.4789,25203845
Uganda,UGA,1990,5751488908.49356,17354392
Ukraine,UKR,1990,170185710406.271,51463105
Uruguay,URY,1990,23901642364.5889,3109601
United States,USA,1990,9308206336700.0,252120309
Uzbekistan,UZB,1990,18183024785.9047,20398348
British Virgin Islands,VGB,1990,,17489
Vietnam,VNM,1990,33913272582.3353,67988862
Vanuatu,VUT,1990,397925067.083257,146573
Samoa,WSM,1990,370606139.152096,162803
South Africa,ZAF,1990,216015142271.616,36800509
Zambia,ZMB,1990,8240070980.38398,8036845
Zimbabwe,ZWE,1990,13891995575.6837,10432421
Aruba,ABW,1995,2323455516.53157,80324
Afghanistan,AFG,1995,,18110657
Angola,AGO,1995,32653786719.2065,13945206
Albania,ALB,1995,5276934356.01002,3112936
Andorra,AND,1995,2398964977.79976,63850
United Arab Emirates,ARE,1995,173277148999.319,2415090
Argentina,ARG,1995,304622433397.251,34828170
Armenia,ARM,1995,3672405405.82638,3217348
American Samoa,ASM,1995,,53161
Antigua and Barbuda,ATG,1995,864231831.157892,68670
Australia,AUS,1995,743524204658.442,17993074
Austria,AUT,1995,303460462050.854,7990121
Azerbaijan,AZE,1995,10171962053.4008,7775424
Burundi,BDI,1995,1422204332.30147,5987043
Belgium,BEL,1995,376254327310.336,10186305
Benin,BEN,1995,4111601652.35799,5905558
Burkina Faso,BFA,1995,4300528860.1238,10089878
Bangladesh,BGD,1995,57811945426.5395,115169930
Bulgaria,BGR,1995,31666373358.603,8379308
Bahrain,BHR,1995,13256108363.4132,563697
Bosnia and Herzegovina,BIH,1995,8461947179.52191,3829050
Belarus,BLR,1995,24231321411.7377,10077608
Belize,BLZ,1995,744086991.549998,206963
Bermuda,BMU,1995,4212069525.04015,63442
Bolivia,BOL,1995,12468357290.0133,7622338
Brazil,BRA,1995,1462217362494.31,162019896
Barbados,BRB,1995,3792147434.72704,265955
Bhutan,BTN,1995,563153025.102705,534620
Botswana,BWA,1995,7622647125.23515,1469174
Central African Republic,CAF,1995,1454021623.36505,3222656
Canada,CAN,1995,1167527765550.42,29164152
Switzerland,CHE,1995,447506612519.817,6995521
Channel Islands,CHI,1995,,143484
Chile,CHL,1995,132071585918.002,14380866
China,CHN,1995,1772034051564.67,1240920535
Cameroon,CMR,1995,15745595485.5359,13599988
Colombia,COL,1995,194145952112.306,36421438
Comoros,COM,1995,613685459.76014,475394
Cabo Verde,CPV,1995,663163133.229937,386284
Costa Rica,CRI,1995,21185991831.6196,3545534
Cuba,CUB,1995,34380574866.286,10888252
Cayman Islands,CYM,1995,,32166
Cyprus,CYP,1995,15688662251.6556,855383
Germany,DEU,1995,2917173625484.56,81138659
Djibouti,DJI,1995,,630388
Dominica,DMA,1995,364580154.224195,71098
Denmark,DNK,1995,273159981685.877,5232704
Dominican Republic,DOM,1995,29072585793.3135,7819247
Algeria,DZA,1995,98061771373.7004,28757785
Ecuador,ECU,1995,46718020342.0217,11455204
Eritrea,ERI,1995,1967107820.49516,2204222
Spain,ESP,1995,1001750952717.03,39787419
Estonia,EST,1995,12372254758.3177,1433024
Ethiopia,ETH,1995,12141100401.7836,57047908
Finland,FIN,1995,180005176700.83,5119005
Fiji,FJI,1995,2482222810.54121,775425
France,FRA,1995,2095922750995.76,57801892
Gabon,GAB,1995,13498314143.8215,1084946
United Kingdom,GBR,1995,1893931320597.21,57932453
Georgia,GEO,1995,5861371093.53083,4976260
Ghana,GHA,1995,16193971587.7631,17014057
Gibraltar,GIB,1995,,28692
Guinea,GIN,1995,4578245659.19433,7269625
Guinea-Bissau,GNB,1995,862502102.374914,1088854
Equatorial Guinea,GNQ,1995,1832347705.69357,496768
Greece,GRC,1995,226005797602.23,10745503
Grenada,GRD,1995,515773769.13944,100288
Greenland,GRL,1995,1546354919.00926,55811
Guatemala,GTM,1995,26348348893.4186,10408489
Guam,GUM,1995,,145561
Guyana,GUY,1995,1797735071.2165,761291
Honduras,HND,1995,9514106126.10245,5709014
Croatia,HRV,1995,44668709185.1582,4616766
Haiti,HTI,1995,6193487049.67582,7744503
Hungary,HUN,1995,95609822676.4395,10349302
Indonesia,IDN,1995,493545853299.547,196934260
Isle of Man,IMN,1995,2576138170.30673,72131
India,IND,1995,727697481831.494,963922588
Ireland,IRL,1995,127659719260.394,3592186
Iraq,IRQ,1995,63182980052.1758,20149338
Iceland,ISL,1995,9014232525.9775,267629
Israel,ISR,1995,151115546025.314,5271367
Italy,ITA,1995,1924889897177.36,57174408
Jamaica,JAM,1995,12402186518.6542,2533711
Jordan,JOR,1995,12977398508.6276,4588843
Japan,JPN,1995,5276967053207.81,126365484
Kazakhstan,KAZ,1995,60432037902.9645,15839363
Kenya,KEN,1995,24644752554.4477,27768296
Cambodia,KHM,1995,4012682038.43226,10656138
Kiribati,KIR,1995,130404488.73624,77723
Kuwait,KWT,1995,68865432658.7579,1605901
Lebanon,LBN,1995,21020937030.3814,3528380
Liberia,LBR,1995,,2044661
Libya,LBY,1995,,4948798
Liechtenstein,LIE,1995,,30880
Sri Lanka,LKA,1995,29607667121.8641,18242912
Lesotho,LSO,1995,1536561275.15804,1898598
Lithuania,LTU,1995,21994732573.5165,3626612
Luxembourg,LUX,1995,32748781294.1936,408149
Latvia,LVA,1995,14249297305.6058,2508480
Morocco,MAR,1995,52067328269.9329,26994250
Monaco,MCO,1995,4013340397.351,30716
Moldova,MDA,1995,4586792337.86836,4340597
Madagascar,MDG,1995,5951120435.23127,13475400
Maldives,MDV,1995,1366692920.09136,254139
Mexico,MEX,1995,807065442037.969,91663285
Marshall Islands,MHL,1995,135957969.032406,50457
North Macedonia,MKD,1995,6222959471.505,1983252
Mali,MLI,1995,5342954986.49485,9585653
Malta,MLT,1995,6075508874.17219,376896
Myanmar,MMR,1995,11964760742.6246,43901598
Montenegro,MNE,1995,3056198553.16793,620418
Mongolia,MNG,1995,3561608120.97173,2298020
Northern Mariana Islands,MNP,1995,,45870
Mozambique,MOZ,1995,3779581258.34435,15483286
Mauritania,MRT,1995,2449981238.83519,2313630
Mauritius,MUS,1995,5707324462.80375,1128673
Malawi,MWI,1995,4024303743.78599,9844415
Malaysia,MYS,1995,151838092825.432,20487607
Namibia,NAM,1995,6515734716.94711,1627865
New Caledonia,NCL,1995,,193293
Niger,NER,1995,3378926855.4813,9490288
Nigeria,NGA,1995,156152065107.986,107948335
Nicaragua,NIC,1995,5677279377.28282,4652185
Netherlands,NLD,1995,645601069599.049,15467851
Norway,NOR,1995,339628115455.673,4366995
Nepal,NPL,1995,9541935774.11546,21576071
Nauru,NRU,1995,,10628
New Zealand,NZL,1995,103601781735.097,3674936
Oman,OMN,1995,39247801300.3901,2204277
Pakistan,PAK,1995,106065848422.857,123776839
Panama,PAN,1995,14529793549.1155,2739668
Peru,PER,1995,82640391263.6201,24299160
Philippines,PHL,1995,117138662136.244,69784088
Palau,PLW,1995,,17164
Papua New Guinea,PNG,1995,10053036010.6586,5187060
Poland,POL,1995,284988226710.443,38458638
Puerto Rico,PRI,1995,80159009209.3006,3567696
Portugal,PRT,1995,195921836190.213,10091325
Paraguay,PRY,1995,19711992456.5502,4776843
French Polynesia,PYF,1995,,218071
Qatar,QAT,1995,,513442
Romania,ROU,1995,109892714060.312,22964754
Rwanda,RWA,1995,2137633981.82485,5836495
Saudi Arabia,SAU,1995,362575583120.0,18638787
Sudan,SDN,1995,29774232838.9614,24094747
Senegal,SEN,1995,9391805162.71695,8690164
Singapore,SGP,1995,120928833969.097,3525969
Solomon Islands,SLB,1995,595291307.940904,359281
Sierra Leone,SLE,1995,1302302386.53453,4303957
El Salvador,SLV,1995,14799561738.3314,5628600
San Marino,SMR,1995,1612660389.07285,25928
Somalia,SOM,1995,,7491637
Serbia,SRB,1995,26398615403.9851,9884147
South Sudan,SSD,1995,,5118083
Suriname,SUR,1995,2618669278.84128,441851
Slovenia,SVN,1995,32613857009.5778,1991131
Sweden,SWE,1995,348013771497.355,8836420
Eswatini,SWZ,1995,2916299843.75492,926841
Seychelles,SYC,1995,708526965.617602,76649
Chad,TCD,1995,3664913557.29045,7010145
Togo,TGO,1995,2630909855.79592,4226291
Thailand,THA,1995,215784747525.622,59467274
Tajikistan,TJK,1995,2183154589.6903,5764810
Turkmenistan,TKM,1995,8171795508.9546,4207841
Timor-Leste,TLS,1995,,844334
Tonga,TON,1995,291289879.91259,95976
Trinidad and Tobago,TTO,1995,9931140419.54674,1254200
Tunisia,TUN,1995,25044523892.6925,9125398
Turkey,TUR,1995,494239849217.888,58486456
Tuvalu,TUV,1995,25765934.5907565,9298
Tanzania,TZA,1995,14949460309.0397,29649135
Uganda,UGA,1995,8475249334.25134,20413152
Ukraine,UKR,1995,86228242665.9611,50903785
Uruguay,URY,1995,29730611911.5597,3224281
United States,USA,1995,11073801990000.0,265163745
Uzbekistan,UZB,1995,17855802721.066,22791026
British Virgin Islands,VGB,1995,,19313
Vietnam,VNM,1995,51672439404.9752,74910461
Vanuatu,VUT,1995,474132041.467201,168158
Samoa,WSM,1995,432645752.212107,170054
South Africa,ZAF,1995,248988079058.987,41435758
Zambia,ZMB,1995,9123852515.06118,9096607
Zimbabwe,ZWE,1995,17404373251.8739,11410714
Aruba,ABW,2000,2423084673.45471,90853
Afghanistan,AFG,2000,7465114629.45783,20779953
Angola,AGO,2000,42638834055.0001,16395473
Albania,ALB,2000,7849421473.13165,3129243
Andorra,AND,2000,2969818586.67949,65390
United Arab Emirates,ARE,2000,205899094159.292,3134062
Argentina,ARG,2000,258281789127.305,36870787
Armenia,ARM,2000,5345387542.93892,3069591
American Samoa,ASM,2000,623365638.76652,57821
Antigua and Barbuda,ATG,2000,961629840.268185,76016
Australia,AUS,2000,900165537707.341,18991431
Austria,AUT,2000,346387257223.224,8069276
Azerbaijan,AZE,2000,16057770026.7758,8122741
Burundi,BDI,2000,1558481669.61629,6378871
Belgium,BEL,2000,422530458033.305,10282033
Benin,BEN,2000,5253911326.863,6865951
Burkina Faso,BFA,2000,5614678393.87183,11607942
Bangladesh,BGD,2000,73115059421.307,127657854
Bulgaria,BGR,2000,35524705563.8283,7997957
Bahrain,BHR,2000,16201435104.2376,664611
Bosnia and Herzegovina,BIH,2000,12434262003.1151,3751176
Belarus,BLR,2000,31611178883.8695,9871632
Belize,BLZ,2000,1047635085.31241,247315
Bermuda,BMU,2000,5224766301.37623,65012
Bolivia,BOL,2000,14048868708.0998,8418264
Brazil,BRA,2000,1607729271032.29,174790340
Barbados,BRB,2000,4056812032.13438,271515
Bhutan,BTN,2000,825183060.874733,591021
Botswana,BWA,2000,9106061350.41439,1643334
Central African Republic,CAF,2000,1664670528.41406,3640427
Canada,CAN,2000,1406913998529.75,30588383
Switzerland,CHE,2000,494345122120.216,7143761
Channel Islands,CHI,2000,,148443
Chile,CHL,2000,153937081014.428,15342353
China,CHN,2000,2639112188146.35,1290550765
Cameroon,CMR,2000,19332618830.0545,15513945
Colombia,COL,2000,200646110923.516,39629968
Comoros,COM,2000,735330757.160477,542357
Cabo Verde,CPV,2000,1020546411.32196,428188
Costa Rica,CRI,2000,26144234370.1645,3962372
Cuba,CUB,2000,40532156423.1685,11126430
Cayman Islands,CYM,2000,,42303
Cyprus,CYP,2000,19971019867.5497,943290
Germany,DEU,2000,3176872812245.88,81400882
Djibouti,DJI,2000,,717584
Dominica,DMA,2000,377334670.70334,69650
Denmark,DNK,2000,302077924103.075,5341194
Dominican Republic,DOM,2000,36830147546.1233,8471321
Algeria,DZA,2000,120125920931.173,31042235
Ecuador,ECU,2000,50304778795.5961,12681123
Eritrea,ERI,2000,2172521829.09089,2292416
Spain,ESP,2000,1229910878223.45,40824754
Estonia,EST,2000,15927040858.0414,1399112
Ethiopia,ETH,2000,14374794288.769,66224804
Finland,FIN,2000,218392295141.416,5187954
Fiji,FJI,2000,2830821574.15485,811006
France,FRA,2000,2406838087998.32,59015096
Gabon,GAB,2000,12715305434.8118,1228360
United Kingdom,GBR,2000,2202971142668.3,58923309
Georgia,GEO,2000,6998485720.69797,4362187
Ghana,GHA,2000,19949432531.3042,19278856
Gibraltar,GIB,2000,,31077
Guinea,GIN,2000,5504299592.41537,8240730
Guinea-Bissau,GNB,2000,668307149.840494,1201301
Equatorial Guinea,GNQ,2000,6575812458.086,606181
Greece,GRC,2000,272175455326.753,11082104
Grenada,GRD,2000,654959547.879999,102833
Greenland,GRL,2000,1814412741.59421,56175
Guatemala,GTM,2000,31637124685.2608,11650743
Guam,GUM,2000,4357462610.12088,155329
Guyana,GUY,2000,1856765178.03256,746715
Honduras,HND,2000,11187146724.6144,6574509
Croatia,HRV,2000,50932201746.0895,4428075
Haiti,HTI,2000,6471903380.09974,8463806
Hungary,HUN,2000,116318944982.828,10220507
Indonesia,IDN,2000,491078136159.837,211513823
Isle of Man,IMN,2000,3906903228.08919,76941
India,IND,2000,950312739671.573,1056575549
Ireland,IRL,2000,187128802633.068,3783103
Iraq,IRQ,2000,96767263419.0948,23497585
Iceland,ISL,2000,11020792658.5685,280435
Israel,ISR,2000,174245451306.842,5945950
Italy,ITA,2000,2101931939042.18,56692178
Jamaica,JAM,2000,12763085337.6409,2654701
Jordan,JOR,2000,16044891170.1772,5122493
Japan,JPN,2000,5377007127014.02,127524174
Kazakhstan,KAZ,2000,83311937130.6468,14922719
Kenya,KEN,2000,27337613463.7899,31964557
Cambodia,KHM,2000,6002175104.92402,12155239
Kiribati,KIR,2000,148655986.490905,84396
Kuwait,KWT,2000,76154795184.9267,2045123
Lebanon,LBN,2000,23592210159.801,3842778
Liberia,LBR,2000,1868711652.88445,2848456
Libya,LBY,2000,46727316322.5252,5357891
Liechtenstein,LIE,2000,,33184
Sri Lanka,LKA,2000,35079926055.4816,18777601
Lesotho,LSO,2000,1698571052.26531,2032804
Lithuania,LTU,2000,27594931858.1505,3501839
Luxembourg,LUX,2000,43407293716.2571,436103
Latvia,LVA,2000,18720689361.2743,2384164
Morocco,MAR,2000,63656943581.251,28793679
Monaco,MCO,2000,4603148741.72186,32147
Moldova,MDA,2000,4837680703.66857,4202658
Madagascar,MDG,2000,6278353422.6091,15766806
Maldives,MDV,2000,1669051580.27634,279398
Mexico,MEX,2000,911151773828.818,98899845
Marshall Islands,MHL,2000,147603854.460007,50753
North Macedonia,MKD,2000,6904064881.54553,2034819
Mali,MLI,2000,7222634110.29424,10946445
Malta,MLT,2000,7398940397.35099,393645
Myanmar,MMR,2000,19938352012.1209,46719701
Montenegro,MNE,2000,3085214474.11069,613559
Mongolia,MNG,2000,4137312959.549,2397418
Northern Mariana Islands,MNP,2000,1456241935.48387,57453
Mozambique,MOZ,2000,5684162363.79798,17711927
Mauritania,MRT,2000,2773143806.0705,2630219
Mauritius,MUS,2000,7058668652.66862,1185145
Malawi,MWI,2000,4229142782.05316,11148758
Malaysia,MYS,2000,172171422650.647,23194257
Namibia,NAM,2000,7633567219.04801,1794571
New Caledonia,NCL,2000,,217269
Niger,NER,2000,4034910606.94488,11331557
Nigeria,NGA,2000,206684534275.905,122283850
Nicaragua,NIC,2000,6805956707.58031,5069302
Netherlands,NLD,2000,758356688950.764,15926188
Norway,NOR,2000,379993390464.635,4499367
Nepal,NPL,2000,11436744718.846,23941110
Nauru,NRU,2000,,10337
New Zealand,NZL,2000,122735467606.099,3858999
Oman,OMN,2000,43821066319.896,2267973
Pakistan,PAK,2000,123751409564.262,142343578
Panama,PAN,2000,17116370199.1331,3030328
Peru,PER,2000,91036560493.9424,26459944
Philippines,PHL,2000,133678066315.986,77991755
Palau,PLW,2000,195465098.087253,19105
Papua New Guinea,PNG,2000,9580900220.50172,5847586
Poland,POL,2000,337018207143.568,38556693
Puerto Rico,PRI,2000,98778442996.8101,3668960
Portugal,PRT,2000,227408192515.552,10297112
Paraguay,PRY,2000,18843149450.7086,5323201
French Polynesia,PYF,2000,,240686
Qatar,QAT,2000,40139043103.6418,592468
Romania,ROU,2000,122225415551.961,22137419
Rwanda,RWA,2000,3228658739.74758,7933681
Saudi Arabia,SAU,2000,364070454426.667,20663843
Sudan,SDN,2000,38597648770.0863,27275015
Senegal,SEN,2000,11490202814.5043,9797734
Singapore,SGP,2000,140169822003.387,4028871
Solomon Islands,SLB,2000,462389895.989004,412660
Sierra Leone,SLE,2000,1640668858.77741,4584571
El Salvador,SLV,2000,16083369823.8473,5887936
San Marino,SMR,2000,2045766935.7064,27462
Somalia,SOM,2000,,8872254
Serbia,SRB,2000,28789620477.8065,9487616
South Sudan,SSD,2000,,6199394
Suriname,SUR,2000,2888815336.87636,470949
Slovenia,SVN,2000,39483849698.5294,1987717
Sweden,SWE,2000,411654200414.867,8881640
Eswatini,SWZ,2000,3306579867.18493,1005435
Seychelles,SYC,2000,785669398.20425,80996
Chad,TCD,2000,4674366911.82481,8355654
Togo,TGO,2000,2547328482.67492,4924402
Thailand,THA,2000,239058711719.124,62952642
Tajikistan,TJK,2000,3136834880.28728,6216341
Turkmenistan,TKM,2000,11249683443.3515,4516133
Timor-Leste,TLS,2000,1192359704.84009,884366
Tonga,TON,2000,344251123.859024,97973
Trinidad and Tobago,TTO,2000,13942348940.4975,1267153
Tunisia,TUN,2000,30648664524.242,9708350
Turkey,TUR,2000,521387961745.149,63240194
Tuvalu,TUV,2000,31809494.6573831,9394
Tanzania,TZA,2000,19303061141.2377,33499180
Uganda,UGA,2000,11332715044.1477,23650172
Ukraine,UKR,2000,102754675134.835,48838065
Uruguay,URY,2000,26512908469.9633,3319736
United States,USA,2000,12968262715400.0,281710909
Uzbekistan,UZB,2000,21843958958.3906,24769955
British Virgin Islands,VGB,2000,,20311
Vietnam,VNM,2000,69037326105.908,79910412
Vanuatu,VUT,2000,481306261.675084,184972
Samoa,WSM,2000,539028032.551215,174454
South Africa,ZAF,2000,284356442826.556,44967708
Zambia,ZMB,2000,10876354172.3124,10415944
Zimbabwe,ZWE,2000,15911315808.1904,11881477
Aruba,ABW,2005,2776274326.82278,100031
Afghanistan,AFG,2005,10990594706.5564,25654277
Angola,AGO,2005,71276907517.7698,19433602
Albania,ALB,2005,10351496684.5109,3086810
Andorra,AND,2005,4027543882.80023,78867
United Arab Emirates,ARE,2005,291686739332.879,4588225
Argentina,ARG,2005,392934518437.813,38892931
Armenia,ARM,2005,9873142200.55556,2981269
American Samoa,ASM,2005,614907488.986784,59562
Antigua and Barbuda,ATG,2005,1413385613.40099,81465
Australia,AUS,2005,1062711770160.28,20178540
Austria,AUT,2005,394121024471.145,8253650
Azerbaijan,AZE,2005,41739296291.7775,8538605
Burundi,BDI,2005,1775752462.2736,7364862
Belgium,BEL,2005,477739922304.462,10546886
Benin,BEN,2005,6359822426.97484,7982225
Burkina Faso,BFA,2005,7714172808.44856,13421930
Bangladesh,BGD,2005,98053769823.2911,139035505
Bulgaria,BGR,2005,48864017869.2297,7686962
Bahrain,BHR,2005,22621864899.6304,889164
Bosnia and Herzegovina,BIH,2005,16651768808.8305,3765331
Belarus,BLR,2005,49285442677.3264,9562088
Belize,BLZ,2005,1300041567.419,283800
Bermuda,BMU,2005,6101393205.83452,66257
Bolivia,BOL,2005,17200397083.6177,9232306
Brazil,BRA,2005,1957113483856.3,186127103
Barbados,BRB,2005,4699037219.28063,276323
Bhutan,BTN,2005,1269887377.45454,648739
Botswana,BWA,2005,12004283368.7509,1799078
Central African Republic,CAF,2005,1846064166.63098,4038382
Canada,CAN,2005,1596319458182.43,32164309
Switzerland,CHE,2005,567418887241.508,7386816
Channel Islands,CHI,2005,,151678
Chile,CHL,2005,202601172713.024,16182721
China,CHN,2005,4586441074637.97,1330776380
Cameroon,CMR,2005,23900962052.9678,17733410
Colombia,COL,2005,262372092382.341,42647723
Comoros,COM,2005,814219327.456845,611627
Cabo Verde,CPV,2005,1557758964.15815,463032
Costa Rica,CRI,2005,34265034380.1638,4285502
Cuba,CUB,2005,59478833619.1821,11261582
Cayman Islands,CYM,2005,,49261
Cyprus,CYP,2005,24838410596.0265,1027662
Germany,DEU,2005,3441355939341.45,81602741
Djibouti,DJI,2005,,783254
Dominica,DMA,2005,463338172.84857,70589
Denmark,DNK,2005,334100966292.235,5421702
Dominican Republic,DOM,2005,47825464215.3915,9097257
Algeria,DZA,2005,149526919452.577,33149724
Ecuador,ECU,2005,62815127109.2433,13825847
Eritrea,ERI,2005,2210534025.98508,2826659
Spain,ESP,2005,1468058288554.62,44019123
Estonia,EST,2005,23632206205.7045,1355648
Ethiopia,ETH,2005,22063798449.1645,76346311
Finland,FIN,2005,260412309865.555,5258927
Fiji,FJI,2005,3061633390.88777,821604
France,FRA,2005,2661973862752.29,61120127
Gabon,GAB,2005,13848696552.9606,1390549
United Kingdom,GBR,2005,2527327110515.68,60287954
Georgia,GEO,2005,11100488133.3109,4210168
Ghana,GHA,2005,26057135218.8686,21814642
Gibraltar,GIB,2005,,33219
Guinea,GIN,2005,6349521090.83424,9109581
Guinea-Bissau,GNB,2005,760801183.943933,1344930
Equatorial Guinea,GNQ,2005,14990232117.7878,749535
Greece,GRC,2005,332060633925.509,11224791
Grenada,GRD,2005,822066708.874271,104661
Greenland,GRL,2005,2297647623.61978,56951
Guatemala,GTM,2005,38705172401.373,13096028
Guam,GUM,2005,4698437820.11883,158402
Guyana,GUY,2005,2067147504.52019,746163
Honduras,HND,2005,14910812266.6208,7458985
Croatia,HRV,2005,64231665605.6748,4378058
Haiti,HTI,2005,6741318062.80187,9195288
Hungary,HUN,2005,138087473075.064,10085937
Indonesia,IDN,2005,640863459320.351,226289470
Isle of Man,IMN,2005,5356014934.74178,80305
India,IND,2005,1388940404162.83,1147609927
Ireland,IRL,2005,240657629484.352,4141223
Iraq,IRQ,2005,116352699697.206,26922284
Iceland,ISL,2005,14903879325.2355,294979
Israel,ISR,2005,212860942076.371,6529479
Italy,ITA,2005,2234493715312.88,58281212
Jamaica,JAM,2005,14117423357.7557,2740003
Jordan,JOR,2005,22944714050.9371,5765635
Japan,JPN,2005,5848016735563.82,128326116
Kazakhstan,KAZ,2005,131983632474.649,15402807
Kenya,KEN,2005,35634585973.7449,36624895
Cambodia,KHM,2005,9935578323.29943,13273354
Kiribati,KIR,2005,159661056.450992,92325
Kuwait,KWT,2005,124141008374.04,2270198
Lebanon,LBN,2005,29577064026.0033,4698763
Liberia,LBR,2005,1669073677.23425,3218116
Libya,LBY,2005,69900911108.9382,5798614
Liechtenstein,LIE,2005,,34713
Sri Lanka,LKA,2005,47872638202.9726,19544988
Lesotho,LSO,2005,2041859821.48769,1996114
Lithuania,LTU,2005,41775008781.7614,3344268
Luxembourg,LUX,2005,53744023972.4248,457842
Latvia,LVA,2005,29955788645.9514,2251993
Morocco,MAR,2005,81318500633.8362,30455561
Monaco,MCO,2005,5882251655.62914,33843
Moldova,MDA,2005,6426960903.26554,4159293
Madagascar,MDG,2005,8467521105.2625,18336724
Maldives,MDV,2005,2375561798.74616,319608
Mexico,MEX,2005,1050443805732.82,106005203
Marshall Islands,MHL,2005,160180179.903528,55258
North Macedonia,MKD,2005,8660335906.47652,2060273
Mali,MLI,2005,9236630227.00142,12775516
Malta,MLT,2005,8374834437.08609,404653
Myanmar,MMR,2005,37073010378.8848,48949924
Montenegro,MNE,2005,3988772862.24909,616391
Mongolia,MNG,2005,6286566854.31684,2526424
Northern Mariana Islands,MNP,2005,1074585607.94045,56542
Mozambique,MOZ,2005,8373526089.74505,20493925
Mauritania,MRT,2005,4139053373.05611,3024194
Mauritius,MUS,2005,8802441344.0254,1222003
Malawi,MWI,2005,5584722806.06858,12625952
Malaysia,MYS,2005,229929251901.524,25690611
Namibia,NAM,2005,10334398853.639,1938320
New Caledonia,NCL,2005,,236442
Niger,NER,2005,4850127065.45497,13624467
Nigeria,NGA,2005,291669829237.249,138865016
Nicaragua,NIC,2005,8386163942.29644,5438690
Netherlands,NLD,2005,848715440598.863,16367158
Norway,NOR,2005,431439784971.736,4632364
Nepal,NPL,2005,13764950914.3225,25744500
Nauru,NRU,2005,29685560.4744959,9849
New Zealand,NZL,2005,146145360528.428,4135355
Oman,OMN,2005,48734720416.1248,2511251
Pakistan,PAK,2005,166953023525.452,160304008
Panama,PAN,2005,25012373878.6907,3330217
Peru,PER,2005,123439711646.329,27866145
Philippines,PHL,2005,176022623675.058,86326250
Palau,PLW,2005,204536778.774742,19781
Papua New Guinea,PNG,2005,12151737734.1615,6494903
Poland,POL,2005,431603488873.412,38368949
Puerto Rico,PRI,2005,102649751271.359,3631889
Portugal,PRT,2005,240562199669.465,10508495
Paraguay,PRY,2005,23082660807.8578,5824096
French Polynesia,PYF,2005,,258780
Qatar,QAT,2005,79421829550.1802,865416
Romania,ROU,2005,167485540461.011,21417291
Rwanda,RWA,2005,4561224742.0434,8840215
Saudi Arabia,SAU,2005,483237181440.0,23816183
Sudan,SDN,2005,56994834761.4621,30949516
Senegal,SEN,2005,14738476853.4459,11090116
Singapore,SGP,2005,205305009804.872,4265687
Solomon Islands,SLB,2005,625032321.928704,469918
Sierra Leone,SLE,2005,2250113451.89349,5645624
El Salvador,SLV,2005,17990027755.0041,6052123
San Marino,SMR,2005,2531793253.31126,29324
Somalia,SOM,2005,,10446863
Serbia,SRB,2005,40397237107.445,9193825
South Sudan,SSD,2005,,7535932
Suriname,SUR,2005,3871534196.25844,499464
Slovenia,SVN,2005,49794021535.9604,1994976
Sweden,SWE,2005,489276156465.656,9038623
Eswatini,SWZ,2005,4176323195.41783,1030579
Seychelles,SYC,2005,945962968.234513,88648
Chad,TCD,2005,8739274636.73703,10096633
Togo,TGO,2005,2940194798.75379,5611640
Thailand,THA,2005,314054055752.496,65416189
Tajikistan,TJK,2005,4724583528.23963,6789321
Turkmenistan,TKM,2005,16993515438.4036,4754646
Timor-Leste,TLS,2005,3917802733.05339,995135
Tonga,TON,2005,338224447.840903,100905
Trinidad and Tobago,TTO,2005,21694532675.7935,1296502
Tunisia,TUN,2005,39620931745.1446,10106771
Turkey,TUR,2005,740380283698.395,67903469
Tuvalu,TUV,2005,31704273.00771,10000
Tanzania,TZA,2005,27060808434.1856,38450320
Uganda,UGA,2005,16458888151.9091,27684585
Ukraine,UKR,2005,150209057916.226,46890772
Uruguay,URY,2005,33447078686.85,3321803
United States,USA,2005,15018267850100.0,294993511
Uzbekistan,UZB,2005,30777789802.4239,26427789
British Virgin Islands,VGB,2005,,23107
Vietnam,VNM,2005,97817393659.7482,83832661
Vanuatu,VUT,2005,627025086.554647,209282
Samoa,WSM,2005,665590159.45531,179727
South Africa,ZAF,2005,358525029710.384,47880601
Zambia,ZMB,2005,15608923120.2185,11856247
Zimbabwe,ZWE,2005,10909982217.1408,12076699
Aruba,ABW,2010,2439005748.52239,101669
Afghanistan,AFG,2010,17954877146.6564,29185507
Angola,AGO,2010,94115810017.4361,23356246
Albania,ALB,2010,12403913643.3434,2948023
Andorra,AND,2010,3148088242.81882,84449
United Arab Emirates,ARE,2010,323766916269.571,8549988
Argentina,ARG,2010,444452545623.356,40895752
Armenia,ARM,2010,10393595649.8606,2877319
American Samoa,ASM,2010,552317180.61674,56079
Antigua and Barbuda,ATG,2010,1168080135.6583,88028
Australia,AUS,2010,1220175492942.96,22154679
Austria,AUT,2010,406091530301.534,8409949
Azerbaijan,AZE,2010,53217627468.0711,9032461
Burundi,BDI,2010,2208090293.90699,8675602
Belgium,BEL,2010,493399388894.948,10938739
Benin,BEN,2010,7522418417.64518,9199259
Burkina Faso,BFA,2010,10192906645.5417,15605217
Bangladesh,BGD,2010,130734992458.51,147575430
Bulgaria,BGR,2010,51595167185.5963,7425008
Bahrain,BHR,2010,27202099523.9053,1240860
Bosnia and Herzegovina,BIH,2010,17198998442.4731,3705472
Belarus,BLR,2010,62863508300.7594,9420574
Belize,BLZ,2010,1468858265.53273,322464
Bermuda,BMU,2010,5284137923.53055,65389
Bolivia,BOL,2010,21731104864.155,10048590
Brazil,BRA,2010,2340784460891.31,195713635
Barbados,BRB,2010,4572494458.64524,282131
Bhutan,BTN,2010,1797336501.23336,685503
Botswana,BWA,2010,14164289360.2583,1987105
Central African Republic,CAF,2010,2343002553.18241,4386768
Canada,CAN,2010,1693649023960.42,34147564
Switzerland,CHE,2010,599637721742.463,7808675
Channel Islands,CHI,2010,,159734
Chile,CHL,2010,244225687257.03,17062536
China,CHN,2010,7192667129598.69,1368810615
Cameroon,CMR,2010,28460199046.8585,20341241
Colombia,COL,2010,319157056433.177,45222700
Comoros,COM,2010,974502179.30529,689692
Cabo Verde,CPV,2010,1749086511.67248,492654
Costa Rica,CRI,2010,40738559066.7602,4577378
Cuba,CUB,2010,68124437664.6088,11225832
Cayman Islands,CYM,2010,,56672
Cyprus,CYP,2010,24926715231.7881,1112612
Germany,DEU,2010,3559587403262.56,80827002
Djibouti,DJI,2010,,840198
Dominica,DMA,2010,487502986.283718,70878
Denmark,DNK,2010,327038708765.441,5554844
Dominican Republic,DOM,2010,57187276663.7945,9695121
Algeria,DZA,2010,171466867482.163,35977455
Ecuador,ECU,2010,79261137178.2611,15011117
Eritrea,ERI,2010,,3170435
Spain,ESP,2010,1375822720570.93,46931015
Estonia,EST,2010,21875027647.655,1332101
Ethiopia,ETH,2010,36157859258.9667,87639964
Finland,FIN,2010,250545347666.329,5365782
Fiji,FJI,2010,3270985505.31268,859818
France,FRA,2010,2709010438795.09,62879530
Gabon,GAB,2010,16184310411.783,1624140
United Kingdom,GBR,2010,2529322974272.55,63459808
Georgia,GEO,2010,13271503113.9539,4099099
Ghana,GHA,2010,40104336693.384,24779619
Gibraltar,GIB,2010,,33585
Guinea,GIN,2010,7666363112.76057,10192176
Guinea-Bissau,GNB,2010,901976771.588471,1522599
Equatorial Guinea,GNQ,2010,18805114508.9646,943639
Greece,GRC,2010,252163419407.33,10887637
Grenada,GRD,2010,767936889.427134,106233
Greenland,GRL,2010,2525452961.36271,56638
Guatemala,GTM,2010,44337843556.4516,14630417
Guam,GUM,2010,5000301167.79348,159444
Guyana,GUY,2010,2517523464.95492,749436
Honduras,HND,2010,17007323389.8818,8317470
Croatia,HRV,2010,58289702018.916,4328165
Haiti,HTI,2010,7189974041.57946,9949322
Hungary,HUN,2010,130921605718.041,9927370
Indonesia,IDN,2010,850023661688.382,241834215
Isle of Man,IMN,2010,6231815842.0272,84857
India,IND,2010,1859659673960.25,1234281170
Ireland,IRL,2010,223414851599.817,4554321
Iraq,IRQ,2010,169730925971.545,29741976
Iceland,ISL,2010,14121903068.0319,320328
Israel,ISR,2010,250537242559.792,7346446
Italy,ITA,2010,2077060704620.29,59325229
Jamaica,JAM,2010,13345520232.4441,2810460
Jordan,JOR,2010,27960444576.1101,7261539
Japan,JPN,2010,5778642194555.42,128542353
Kazakhstan,KAZ,2010,166634988906.953,16252279
Kenya,KEN,2010,44380180300.2798,42030676
Cambodia,KHM,2010,12917367180.2477,14312212
Kiribati,KIR,2010,166086149.744381,102927
Kuwait,KWT,2010,134916608513.608,2991884
Lebanon,LBN,2010,39826865671.6418,4953061
Liberia,LBR,2010,2334665710.09338,3891356
Libya,LBY,2010,63275999127.2361,6197663
Liechtenstein,LIE,2010,,35994
Sri Lanka,LKA,2010,67116705113.4529,20261737
Lesotho,LSO,2010,2676023467.8535,1995581
Lithuania,LTU,2010,40870192057.6716,3123816
Luxembourg,LUX,2010,54371319074.1956,507889
Latvia,LVA,2010,26293015995.5129,2118861
Morocco,MAR,2010,101059586129.684,32343389
Monaco,MCO,2010,5798543046.35761,35612
Moldova,MDA,2010,7337248194.47736,4086081
Madagascar,MDG,2010,9125047117.67409,21151640
Maldives,MDV,2010,2880634126.68671,365734
Mexico,MEX,2010,1136488480758.67,114092963
Marshall Islands,MHL,2010,172732723.052274,56366
North Macedonia,MKD,2010,9583392749.46174,2070741
Mali,MLI,2010,10932581178.5301,15049353
Malta,MLT,2010,9095589158.3301,414253
Myanmar,MMR,2010,56146663569.5951,50600818
Montenegro,MNE,2010,4156441979.12349,624275
Mongolia,MNG,2010,9471480157.75525,2719896
Northern Mariana Islands,MNP,2010,741503722.084367,53971
Mozambique,MOZ,2010,11659922005.0362,23531574
Mauritania,MRT,2010,4805050451.06554,3494195
Mauritius,MUS,2010,10775575127.9264,1247955
Malawi,MWI,2010,7435096950.09592,14539612
Malaysia,MYS,2010,283214119400.205,28208035
Namibia,NAM,2010,12456750940.0066,2118874
New Caledonia,NCL,2010,,253527
Niger,NER,2010,6542344343.39466,16464025
Nigeria,NGA,2010,398832945309.319,158503197
Nicaragua,NIC,2010,9916789200.31374,5824065
Netherlands,NLD,2010,850828748549.33,16682917
Norway,NOR,2010,445094684704.26,4885878
Nepal,NPL,2010,17341538638.0319,27013212
Nauru,NRU,2010,60533098.6670049,10005
New Zealand,NZL,2010,153344460017.662,4370062
Oman,OMN,2010,63404421326.3979,3041434
Pakistan,PAK,2010,188675424552.08,179424641
Panama,PAN,2010,35975750623.1549,3642687
Peru,PER,2010,166494356217.325,29027674
Philippines,PHL,2010,220723809025.295,93966780
Palau,PLW,2010,199645404.831355,17955
Papua New Guinea,PNG,2010,15078295061.1831,7310507
Poland,POL,2010,511464199250.489,38329781
Puerto Rico,PRI,2010,98057290562.043,3579841
Portugal,PRT,2010,224525885052.579,10596058
Paraguay,PRY,2010,28219616269.0248,6248020
French Polynesia,PYF,2010,,266455
Qatar,QAT,2010,148506870584.197,1856327
Romania,ROU,2010,173083653020.655,20471864
Rwanda,RWA,2010,6783106460.66233,10039338
Saudi Arabia,SAU,2010,612452430240.0,27421461
Sudan,SDN,2010,64678192682.9882,34545013
Senegal,SEN,2010,17293438557.3175,12678148
Singapore,SGP,2010,266164946826.856,5131172
Solomon Islands,SLB,2010,806157010.33977,527861
Sierra Leone,SLE,2010,3156936272.93448,6415634
El Salvador,SLV,2010,19690779480.6879,6183875
San Marino,SMR,2010,1790916459.71302,31229
Somalia,SOM,2010,,12043883
Serbia,SRB,2010,42380207344.4902,8991254
South Sudan,SSD,2010,8086368185.54746,9508364
Suriname,SUR,2010,4748321396.2619,529131
Slovenia,SVN,2010,47035305257.5313,2043337
Sweden,SWE,2010,500509511890.872,9390168
Eswatini,SWZ,2010,4752652120.81667,1064837
Seychelles,SYC,2010,1059631924.6483,91264
Chad,TCD,2010,11614000868.1864,11952136
Togo,TGO,2010,3883751540.81378,6421679
Thailand,THA,2010,368883177547.461,67195028
Tajikistan,TJK,2010,6513378385.26898,7527394
Turkmenistan,TKM,2010,28778101990.8921,5087213
Timor-Leste,TLS,2010,4681047168.86439,1093523
Tonga,TON,2010,383157131.241085,103986
Trinidad and Tobago,TTO,2010,22378600710.5473,1328147
Tunisia,TUN,2010,44933645382.1434,10635244
Turkey,TUR,2010,898769734684.886,72326988
Tuvalu,TUV,2010,32904167.2222654,10530
Tanzania,TZA,2010,36021655261.6077,44346525
Uganda,UGA,2010,22929745405.3621,32428167
Ukraine,UKR,2010,143789379505.015,45792090
Uruguay,URY,2010,43862934925.0282,3359275
United States,USA,2010,15567038144900.0,309011475
Uzbekistan,UZB,2010,46073796152.125,28515909
British Virgin Islands,VGB,2010,,27794
Vietnam,VNM,2010,129629226783.14,87967651
Vanuatu,VUT,2010,721824490.38557,236211
Samoa,WSM,2010,682940604.561806,185949
South Africa,ZAF,2010,396256018578.931,51216964
Zambia,ZMB,2010,23018636259.4067,13605984
Zimbabwe,ZWE,2010,16042473245.9454,12697723
Aruba,ABW,2015,2579895285.13211,104341
Afghanistan,AFG,2015,20744935406.0955,34413603
Angola,AGO,2015,101673002177.645,27884381
Albania,ALB,2015,13987748469.2562,2890513
Andorra,AND,2015,3377115826.62178,78011
United Arab Emirates,ARE,2015,387259360108.918,9262900
Argentina,ARG,2015,458253820042.814,43075416
Armenia,ARM,2015,12364648565.331,2925553
American Samoa,ASM,2015,505797356.828194,55812
Antigua and Barbuda,ATG,2015,1382074629.24002,93566
Australia,AUS,2015,1383333225865.24,23932502
Austria,AUT,2015,432753797159.88,8678660
Azerbaijan,AZE,2015,56558154150.4872,9622745
Burundi,BDI,2015,2318490757.97052,10160030
Belgium,BEL,2015,525660075541.229,11287940
Benin,BEN,2015,9633652295.47865,10575952
Burkina Faso,BFA,2015,13161938186.8,18110624
Bangladesh,BGD,2015,179992151721.964,156256276
Bulgaria,BGR,2015,58950791931.772,7199741
Bahrain,BHR,2015,33058875381.0199,1371851
Bosnia and Herzegovina,BIH,2015,19531661136.3175,3429361
Belarus,BLR,2015,62080768455.0003,9439423
Belize,BLZ,2015,1602145624.35887,360933
Bermuda,BMU,2015,,63692
Bolivia,BOL,2015,27880910346.8608,10869730
Brazil,BRA,2015,2284132600500.23,204471769
Barbados,BRB,2015,4754798741.64689,285324
Bhutan,BTN,2015,2339922180.01249,727876
Botswana,BWA,2015,17331070056.1014,2120716
Central African Republic,CAF,2015,1720833859.39331,4493170
Canada,CAN,2015,1869062282266.69,36026676
Switzerland,CHE,2015,654611752743.777,8296775
Channel Islands,CHI,2015,,165385
Chile,CHL,2015,272411465024.869,17969353
China,CHN,2015,10131865283063.9,1406847870
Cameroon,CMR,2015,36364818792.9552,23298368
Colombia,COL,2015,372319345826.568,47520667
Comoros,COM,2015,1103262670.44198,777424
Cabo Verde,CPV,2015,1951374146.9488,524743
Costa Rica,CRI,2015,48174288554.1301,4847804
Cuba,CUB,2015,75572286635.3427,11324781
Cayman Islands,CYM,2015,,61724
Cyprus,CYP,2015,25871655629.1391,1160985
Germany,DEU,2015,3883869685204.49,81787411
Djibouti,DJI,2015,,913993
Dominica,DMA,2015,457176471.244843,71183
Denmark,DNK,2015,359485376884.199,5688695
Dominican Republic,DOM,2015,77017184251.8333,10281680
Algeria,DZA,2015,199171379146.415,39728025
Ecuador,ECU,2015,87380611573.98,16212020
Eritrea,ERI,2015,,3342818
Spain,ESP,2015,1509745872740.23,46671926
Estonia,EST,2015,25369490981.3235,1315325
Ethiopia,ETH,2015,58319714683.1484,100835458
Finland,FIN,2015,262961826943.878,5481122
Fiji,FJI,2015,4088022323.9184,868627
France,FRA,2015,2875307593512.96,64453200
Gabon,GAB,2015,19004617596.7814,1947686
United Kingdom,GBR,2015,2818703538384.81,65860146
Georgia,GEO,2015,15923357459.4625,4024183
Ghana,GHA,2015,50620453198.3387,27849205
Gibraltar,GIB,2015,,33736
Guinea,GIN,2015,10777873046.0499,11432088
Guinea-Bissau,GNB,2015,1123284986.04762,1737202
Equatorial Guinea,GNQ,2015,14299926158.7733,1168568
Greece,GRC,2015,247927466976.192,10659750
Grenada,GRD,2015,978762255.054155,109599
Greenland,GRL,2015,2722088867.55214,56377
Guatemala,GTM,2015,52841305550.8891,16252429
Guam,GUM,2015,5231963736.93915,161853
Guyana,GUY,2015,2986687764.54007,767432
Honduras,HND,2015,20367528059.7222,9112916
Croatia,HRV,2015,63236907075.3001,4232874
Haiti,HTI,2015,8004441851.5748,10695542
Hungary,HUN,2015,153628957825.057,9777923
Indonesia,IDN,2015,1090454467115.45,258383256
Isle of Man,IMN,2015,,83234
India,IND,2015,2660371703952.73,1310152403
Ireland,IRL,2015,344958774724.06,4652425
Iraq,IRQ,2015,210467191959.376,35572261
Iceland,ISL,2015,17610234590.5467,330243
Israel,ISR,2015,299156882247.14,7978490
Italy,ITA,2015,2120566193814.58,60578494
Jamaica,JAM,2015,13950590008.3936,2891021
Jordan,JOR,2015,31613703110.79,9266575
Japan,JPN,2015,6141356248124.07,127985133
Kazakhstan,KAZ,2015,196029836977.623,17572016
Kenya,KEN,2015,58108880273.9337,47878336
Cambodia,KHM,2015,18215853799.261,15521436
Kiribati,KIR,2015,200152719.092846,110930
Kuwait,KWT,2015,137056873691.556,3835591
Lebanon,LBN,2015,42718749585.4063,6532678
Liberia,LBR,2015,2576870497.6872,4472230
Libya,LBY,2015,46627921659.646,6418315
Liechtenstein,LIE,2015,,37470
Sri Lanka,LKA,2015,82650513476.8207,20908027
Lesotho,LSO,2015,2911879733.35459,2059021
Lithuania,LTU,2015,47626186103.5316,2931880
Luxembourg,LUX,2015,63521461700.5289,566741
Latvia,LVA,2015,30167432998.4881,1997674
Morocco,MAR,2015,119346918537.72,34663603
Monaco,MCO,2015,7117737748.34437,37718
Moldova,MDA,2015,9151593650.48152,4070700
Madagascar,MDG,2015,10802229981.7055,24234088
Maldives,MDV,2015,3914372498.33762,454915
Mexico,MEX,2015,1284905250715.35,121858258
Marshall Islands,MHL,2015,185487246.638153,57439
North Macedonia,MKD,2015,10944451376.2916,2079328
Mali,MLI,2015,14146600518.5282,17438778
Malta,MLT,2015,12880974750.5496,433559
Myanmar,MMR,2015,79495831532.5896,52680726
Montenegro,MNE,2015,4882752203.81173,626956
Mongolia,MNG,2015,12443108087.7382,2998439
Northern Mariana Islands,MNP,2015,1307544665.01241,55780
Mozambique,MOZ,2015,15400912189.5206,27042002
Mauritania,MRT,2015,5735256914.7005,4046301
Mauritius,MUS,2015,12898394194.9607,1259456
Malawi,MWI,2015,9058581256.68248,16745303
Malaysia,MYS,2015,364573903324.951,30270962
Namibia,NAM,2015,14879840288.2304,2314904
New Caledonia,NCL,2015,,271065
Niger,NER,2015,8504074484.3097,20001663
Nigeria,NGA,2015,460456500518.969,181137448
Nicaragua,NIC,2015,12505831688.9364,6223240
Netherlands,NLD,2015,924097826309.808,16938499
Norway,NOR,2015,482585850268.854,5199836
Nepal,NPL,2015,21463958187.2336,27015031
Nauru,NRU,2015,131122988.491324,10383
New Zealand,NZL,2015,180626274918.56,4614532
Oman,OMN,2015,74074382054.6164,4267348
Pakistan,PAK,2015,240856714914.19,199426964
Panama,PAN,2015,47232619181.7601,3968487
Peru,PER,2015,198560425017.996,30470734
Philippines,PHL,2015,303359721708.73,102113212
Palau,PLW,2015,219211286.341691,17665
Papua New Guinea,PNG,2015,20569070936.1483,8107775
Poland,POL,2015,601004211852.884,38034079
Puerto Rico,PRI,2015,91864081590.8086,3381518
Portugal,PRT,2015,238940608005.586,10368351
Paraguay,PRY,2015,36207104850.3802,6688746
French Polynesia,PYF,2015,,273124
Qatar,QAT,2015,173381268748.888,2565710
Romania,ROU,2015,215791002717.494,19925175
Rwanda,RWA,2015,9354383537.54527,11369071
Saudi Arabia,SAU,2015,684951733333.334,31717667
Sudan,SDN,2015,79411016248.064,38902950
Senegal,SEN,2015,22965194790.2114,14578459
Singapore,SGP,2015,318443461927.193,5592152
Solomon Islands,SLB,2015,932698462.954361,603118
Sierra Leone,SLE,2015,3496685932.65603,7171914
El Salvador,SLV,2015,21987607218.6896,6325124
San Marino,SMR,2015,1795929921.0895,33272
Somalia,SOM,2015,,13797201
Serbia,SRB,2015,46059098866.2141,8876777
South Sudan,SSD,2015,,10715658
Suriname,SUR,2015,4545151261.66562,559143
Slovenia,SVN,2015,52944853011.2657,2071199
Sweden,SWE,2015,569373173187.418,9764950
Eswatini,SWZ,2015,5442504422.78282,1104044
Seychelles,SYC,2015,1343227007.52147,94978
Chad,TCD,2015,12264759585.6669,14110975
Togo,TGO,2015,5058319699.39241,7323158
Thailand,THA,2015,424163560843.584,68714511
Tajikistan,TJK,2015,9101022171.46939,8454028
Turkmenistan,TKM,2015,42134998872.4689,5565287
Timor-Leste,TLS,2015,3403235901.87038,1196302
Tonga,TON,2015,417206123.37566,100781
Trinidad and Tobago,TTO,2015,21101731686.6632,1370328
Tunisia,TUN,2015,49666003346.5496,11179949
Turkey,TUR,2015,1206039917132.0,78529409
Tuvalu,TUV,2015,40823142.4531917,11099
Tanzania,TZA,2015,49736720777.9095,51482633
Uganda,UGA,2015,28578668646.3619,38225453
Ukraine,UKR,2015,127223776400.02,44921639
Uruguay,URY,2015,49616180345.9089,3412009
United States,USA,2015,17348626599500.0,320878310
Uzbekistan,UZB,2015,63524747317.9829,30929557
British Virgin Islands,VGB,2015,,29152
Vietnam,VNM,2015,175284081081.177,92677076
Vanuatu,VUT,2015,812024958.066869,271130
Samoa,WSM,2015,758305683.639136,193513
South Africa,ZAF,2015,426518791444.624,55386367
Zambia,ZMB,2015,27957288778.6371,15879361
Zimbabwe,ZWE,2015,17985583509.3756,13814629
Aruba,ABW,2016,,104872
Afghanistan,AFG,2016,20958745169.393,35383032
Angola,AGO,2016,99503815532.2356,28842489
Albania,ALB,2016,14547875720.1519,2886438
Andorra,AND,2016,3432140710.39217,77297
United Arab Emirates,ARE,2016,392773315180.395,9360980
Argentina,ARG,2016,446730617131.025,43508460
Armenia,ARM,2016,13007610290.7282,2936143
American Samoa,ASM,2016,,55741
Antigua and Barbuda,ATG,2016,1450219904.50286,94527
Australia,AUS,2016,1422550005324.64,24262712
Austria,AUT,2016,444564007898.326,8747301
Azerbaijan,AZE,2016,57357249337.7948,9736043
Burundi,BDI,2016,2355586067.90637,10487995
Belgium,BEL,2016,533218198385.386,11354420
Benin,BEN,2016,10294328388.6737,10872063
Burkina Faso,BFA,2016,14018754438.9653,18646357
Bangladesh,BGD,2016,194146210562.862,157977153
Bulgaria,BGR,2016,60767158521.7273,7151953
Bahrain,BHR,2016,33646560943.3779,1425792
Bosnia and Herzegovina,BIH,2016,20130528204.7809,3386266
Belarus,BLR,2016,63974173257.5273,9445643
Belize,BLZ,2016,1651005359.01378,368400
Bermuda,BMU,2016,,63362
Bolivia,BOL,2016,29058495427.5788,11031814
Brazil,BRA,2016,2309659590893.59,206163053
Barbados,BRB,2016,,285796
Bhutan,BTN,2016,2393521565.14043,736708
Botswana,BWA,2016,18102919590.5162,2159927
Central African Republic,CAF,2016,1795528545.69271,4537686
Canada,CAN,2016,1904173807117.24,36382944
Switzerland,CHE,2016,671241684579.846,8379917
Channel Islands,CHI,2016,,166923
Chile,CHL,2016,283375081129.719,18209068
China,CHN,2016,10800568391746.1,1414049351
Cameroon,CMR,2016,37768463340.9964,23926551
Colombia,COL,2016,382216044545.046,48175052
Comoros,COM,2016,1134154025.21435,795592
Cabo Verde,CPV,2016,2059101014.87659,531146
Costa Rica,CRI,2016,49457675613.131,4899345
Cuba,CUB,2016,,11335104
Cayman Islands,CYM,2016,,62569
Cyprus,CYP,2016,26874437086.0927,1170187
Germany,DEU,2016,3939226614470.55,82193768
Djibouti,DJI,2016,,929112
Dominica,DMA,2016,459612036.065326,71307
Denmark,DNK,2016,364840483457.28,5711349
Dominican Republic,DOM,2016,82370450861.4939,10397741
Algeria,DZA,2016,203353978108.49,40551392
Ecuador,ECU,2016,88583953594.8408,16491116
Eritrea,ERI,2016,,3376557
Spain,ESP,2016,1548723684488.31,46634140
Estonia,EST,2016,26350212987.4088,1316510
Ethiopia,ETH,2016,62291386041.403,103603462
Finland,FIN,2016,267320507829.469,5497713
Fiji,FJI,2016,4292423440.1143,872399
France,FRA,2016,2924903217192.47,64667596
Gabon,GAB,2016,19236683662.1516,2007873
United Kingdom,GBR,2016,2858097953047.3,66297944
Georgia,GEO,2016,16674521685.4626,4015450
Ghana,GHA,2016,53791055550.9925,28481945
Gibraltar,GIB,2016,,33737
Guinea,GIN,2016,11711171452.3351,11738429
Guinea-Bissau,GNB,2016,1165969815.49882,1782438
Equatorial Guinea,GNQ,2016,13878116919.8895,1215180
Greece,GRC,2016,252723303555.798,10615185
Grenada,GRD,2016,1026006951.86419,110261
Greenland,GRL,2016,,56412
Guatemala,GTM,2016,54503164852.3008,16583076
Guam,GUM,2016,,162951
Guyana,GUY,2016,3089509092.21854,771368
Honduras,HND,2016,21130411083.9245,9270795
Croatia,HRV,2016,64899927755.5475,4208602
Haiti,HTI,2016,8123218406.2649,10839970
Hungary,HUN,2016,161218871563.44,9752975
Indonesia,IDN,2016,1146844815417.11,261556381
Isle of Man,IMN,2016,,83287
India,IND,2016,2846127730148.26,1324517249
Ireland,IRL,2016,373141461521.609,4695779
Iraq,IRQ,2016,211798303075.976,36610632
Iceland,ISL,2016,18422326337.3171,332206
Israel,ISR,2016,309055479312.373,8108985
Italy,ITA,2016,2138766169807.78,60663060
Jamaica,JAM,2016,14209550470.9176,2906236
Jordan,JOR,2016,32227101327.9764,9554286
Japan,JPN,2016,6189748011270.24,127763265
Kazakhstan,KAZ,2016,204067060293.706,17830901
Kenya,KEN,2016,61781234460.6182,49051534
Cambodia,KHM,2016,19585766960.9752,15766292
Kiribati,KIR,2016,204157847.119852,112524
Kuwait,KWT,2016,138756454989.532,3956875
Lebanon,LBN,2016,42804183084.5771,6714281
Liberia,LBR,2016,2608374061.79089,4586787
Libya,LBY,2016,50282731086.1697,6492162
Liechtenstein,LIE,2016,,37658
Sri Lanka,LKA,2016,85302876832.2506,21021171
Lesotho,LSO,2016,2954781243.3109,2075030
Lithuania,LTU,2016,49290096837.1762,2889557
Luxembourg,LUX,2016,65174718234.0774,579264
Latvia,LVA,2016,31606334082.6379,1974266
Morocco,MAR,2016,122867726652.452,35126283
Monaco,MCO,2016,,38070
Moldova,MDA,2016,9517657396.50077,4066009
Madagascar,MDG,2016,11362619290.5494,24894370
Maldives,MDV,2016,4151318678.83456,475512
Mexico,MEX,2016,1310528918811.03,123333376
Marshall Islands,MHL,2016,190124427.804107,57735
North Macedonia,MKD,2016,11236076339.9726,2080743
Mali,MLI,2016,14839783342.0634,17965443
Malta,MLT,2016,13725030463.5762,436097
Myanmar,MMR,2016,84424613687.3294,53045201
Montenegro,MNE,2016,5119782657.8488,627264
Mongolia,MNG,2016,13307759596.1193,3056364
Northern Mariana Islands,MNP,2016,,56188
Mozambique,MOZ,2016,15903731315.4385,27829938
Mauritania,MRT,2016,5941726163.96234,4163533
Mauritius,MUS,2016,13385156234.0467,1261865
Malawi,MWI,2016,9375631600.66637,17205261
Malaysia,MYS,2016,381795038961.845,30684654
Namibia,NAM,2016,14868728495.8883,2358044
New Caledonia,NCL,2016,,274191
Niger,NER,2016,8943964597.41412,20788798
Nigeria,NGA,2016,469376777269.159,185960241
Nicaragua,NIC,2016,12028645397.49,6303974
Netherlands,NLD,2016,948100838782.427,16981295
Norway,NOR,2016,489564184707.018,5250949
Nepal,NPL,2016,22813990110.2118,27263433
Nauru,NRU,2016,126562188.891626,10475
New Zealand,NZL,2016,185649634531.9,4659265
Oman,OMN,2016,75648564369.3108,4479219
Pakistan,PAK,2016,253935260513.493,203631353
Panama,PAN,2016,48969369026.5698,4037078
Peru,PER,2016,206456183334.43,30926032
Philippines,PHL,2016,322300707148.301,103663816
Palau,PLW,2016,230171850.658775,17725
Papua New Guinea,PNG,2016,20657015297.4525,8271762
Poland,POL,2016,631952707856.598,37989220
Puerto Rico,PRI,2016,87357573179.4529,3283125
Portugal,PRT,2016,244064957343.733,10325538
Paraguay,PRY,2016,37524256603.9785,6777872
French Polynesia,PYF,2016,,274575
Qatar,QAT,2016,175863478348.24,2654374
Romania,ROU,2016,224629098584.481,19796285
Rwanda,RWA,2016,10165566061.4276,11668827
Saudi Arabia,SAU,2016,700123200000.0,32443447
Sudan,SDN,2016,77568023687.2323,39847439
Senegal,SEN,2016,24519087346.882,14993519
Singapore,SGP,2016,328440881504.009,5653634
Solomon Islands,SLB,2016,964275182.4678,619438
Sierra Leone,SLE,2016,3627040830.11032,7328834
El Salvador,SLV,2016,22545571755.4981,6356143
San Marino,SMR,2016,,33504
Somalia,SOM,2016,,14185636
Serbia,SRB,2016,48040463522.8875,8853963
South Sudan,SSD,2016,,10832518
Suriname,SUR,2016,4635929406.91077,564888
Slovenia,SVN,2016,55320605336.0414,2074210
Sweden,SWE,2016,582804342166.04,9836007
Eswatini,SWZ,2016,5476468048.90968,1113997
Seychelles,SYC,2016,1391950573.63862,95710
Chad,TCD,2016,12588712364.2001,14561660
Togo,TGO,2016,5305374632.80862,7509951
Thailand,THA,2016,441678233315.657,68971308
Tajikistan,TJK,2016,9765396816.15014,8663579
Turkmenistan,TKM,2016,44747368777.8587,5662368
Timor-Leste,TLS,2016,3499002328.12416,1219288
Tonga,TON,2016,418457741.745787,101133
Trinidad and Tobago,TTO,2016,21249443809.4289,1377560
Tunisia,TUN,2016,50910302100.9603,11303945
Turkey,TUR,2016,1236994415484.57,79827871
Tuvalu,TUV,2016,41843721.0145215,11225
Tanzania,TZA,2016,52323030258.3609,53049230
Uganda,UGA,2016,30319150878.221,39649166
Ukraine,UKR,2016,131467311860.477,44713702
Uruguay,URY,2016,50420003960.9931,3424129
United States,USA,2016,17844274747700.0,323015995
Uzbekistan,UZB,2016,66785463953.1149,31441751
British Virgin Islands,VGB,2016,,29355
Vietnam,VNM,2016,187686812137.294,93640422
Vanuatu,VUT,2016,838009756.725008,278330
Samoa,WSM,2016,763796506.876942,194535
South Africa,ZAF,2016,429875731351.897,56207646
Zambia,ZMB,2016,29018240186.7795,16363458
Zimbabwe,ZWE,2016,19093349734.0835,14030331
